{
    "crashes": {
        "std": 2.8067045306226266, 
        "mean": 0.9110782637916802
    }, 
    "total_count": 4328, 
    "crimes": {
        "std": 0.7221642703428756, 
        "mean": 0.10062365027312493
    }, 
    "traffic": {
        "std": 0.7585140982989053, 
        "mean": 0.895926795325137
    }, 
    "error_count": 0, 
    "success_count": 4328
}