{
    "crashes": {
        "std": 2.9205453444683465, 
        "mean": 0.9801067722333974
    }, 
    "total_count": 4945, 
    "crimes": {
        "std": 0.5130515974662809, 
        "mean": 0.059521229136607845
    }, 
    "traffic": {
        "std": 0.7504144631964396, 
        "mean": 0.9560929729498051
    }, 
    "error_count": 0, 
    "success_count": 4945
}