{
    "crashes": {
        "std": 2.772256310501665, 
        "mean": 0.8837151342581172
    }, 
    "total_count": 4250, 
    "crimes": {
        "std": 0.7673082224060902, 
        "mean": 0.10793842565214751
    }, 
    "traffic": {
        "std": 0.7373275863485699, 
        "mean": 0.9335909358232155
    }, 
    "error_count": 0, 
    "success_count": 4250
}