{
    "crashes": {
        "std": 2.729296666517421, 
        "mean": 0.8768789027587519
    }, 
    "total_count": 4398, 
    "crimes": {
        "std": 0.598340474377375, 
        "mean": 0.07695025227213274
    }, 
    "traffic": {
        "std": 0.7638329014681601, 
        "mean": 0.9273648109300875
    }, 
    "error_count": 0, 
    "success_count": 4398
}