{
    "crashes": {
        "std": 2.9519292030242754, 
        "mean": 0.9749592644838881
    }, 
    "total_count": 4667, 
    "crimes": {
        "std": 0.6468707622729359, 
        "mean": 0.0957028881977122
    }, 
    "traffic": {
        "std": 0.7849698480016193, 
        "mean": 0.9780027108119947
    }, 
    "error_count": 0, 
    "success_count": 4667
}