{
    "crashes": {
        "std": 2.9768797479583102, 
        "mean": 0.9984806062793262
    }, 
    "total_count": 4418, 
    "crimes": {
        "std": 0.5747541082093481, 
        "mean": 0.07917024651174423
    }, 
    "traffic": {
        "std": 0.7464073853086117, 
        "mean": 0.9293529050039404
    }, 
    "error_count": 0, 
    "success_count": 4418
}