{
    "crashes": {
        "std": 2.9618244731424017, 
        "mean": 0.9954747144564356
    }, 
    "total_count": 4940, 
    "crimes": {
        "std": 0.6222315547928919, 
        "mean": 0.07933513938812833
    }, 
    "traffic": {
        "std": 0.7861651538936145, 
        "mean": 1.0130546355461079
    }, 
    "error_count": 0, 
    "success_count": 4940
}