{
    "crashes": {
        "std": 2.680653281363485, 
        "mean": 0.8880025073080382
    }, 
    "total_count": 4608, 
    "crimes": {
        "std": 0.6399386981315853, 
        "mean": 0.08689933313841973
    }, 
    "traffic": {
        "std": 0.7456237806525631, 
        "mean": 0.95451452254538
    }, 
    "error_count": 0, 
    "success_count": 4608
}