{
    "crashes": {
        "std": 2.7656264972532187, 
        "mean": 0.8709678781633295
    }, 
    "total_count": 5123, 
    "crimes": {
        "std": 0.6943824391282875, 
        "mean": 0.09237800546456158
    }, 
    "traffic": {
        "std": 0.7648690690588419, 
        "mean": 1.0132272473388935
    }, 
    "error_count": 0, 
    "success_count": 5123
}