{
    "crashes": {
        "std": 2.811312556922109, 
        "mean": 0.902219656227635
    }, 
    "total_count": 4407, 
    "crimes": {
        "std": 0.625318237147467, 
        "mean": 0.08385505355105498
    }, 
    "traffic": {
        "std": 0.6828501488178503, 
        "mean": 0.8621357589936718
    }, 
    "error_count": 0, 
    "success_count": 4407
}