{
    "crashes": {
        "std": 2.764793458530842, 
        "mean": 0.89635519560023
    }, 
    "total_count": 4417, 
    "crimes": {
        "std": 0.6077075436450723, 
        "mean": 0.07303049321689331
    }, 
    "traffic": {
        "std": 0.7040023871650312, 
        "mean": 0.8909415016709328
    }, 
    "error_count": 0, 
    "success_count": 4417
}