{
    "crashes": {
        "std": 2.9269539905362585, 
        "mean": 0.9403086712176647
    }, 
    "total_count": 4818, 
    "crimes": {
        "std": 0.5173581577663801, 
        "mean": 0.05965771157754615
    }, 
    "traffic": {
        "std": 0.8072068297585773, 
        "mean": 1.0254372512655734
    }, 
    "error_count": 0, 
    "success_count": 4818
}