{
    "crashes": {
        "std": 2.6802836734468922, 
        "mean": 0.8500236455973843
    }, 
    "total_count": 4437, 
    "crimes": {
        "std": 0.7293352300727097, 
        "mean": 0.10819247138309539
    }, 
    "traffic": {
        "std": 0.6899862956972218, 
        "mean": 0.9052459334366016
    }, 
    "error_count": 0, 
    "success_count": 4437
}