{
    "crashes": {
        "std": 2.9052513010934535, 
        "mean": 0.9594417952948826
    }, 
    "total_count": 4775, 
    "crimes": {
        "std": 0.6536181107713548, 
        "mean": 0.08914483218797348
    }, 
    "traffic": {
        "std": 0.7802839019794899, 
        "mean": 1.0024672677105164
    }, 
    "error_count": 0, 
    "success_count": 4775
}