{
    "crashes": {
        "std": 2.788532455006015, 
        "mean": 0.9048478991994624
    }, 
    "total_count": 4359, 
    "crimes": {
        "std": 0.6116906951184409, 
        "mean": 0.07901095141028001
    }, 
    "traffic": {
        "std": 0.7339598823080642, 
        "mean": 0.932671850642913
    }, 
    "error_count": 0, 
    "success_count": 4359
}