{
    "crashes": {
        "std": 2.669443269089163, 
        "mean": 0.8300078548467249
    }, 
    "total_count": 4498, 
    "crimes": {
        "std": 0.6768694423373975, 
        "mean": 0.08918276572625598
    }, 
    "traffic": {
        "std": 0.7646091835874108, 
        "mean": 0.9004394897673458
    }, 
    "error_count": 0, 
    "success_count": 4498
}