{
    "crashes": {
        "std": 2.854489672784424, 
        "mean": 0.9464980403770237
    }, 
    "total_count": 4631, 
    "crimes": {
        "std": 0.6378520301807105, 
        "mean": 0.08577580761566968
    }, 
    "traffic": {
        "std": 0.7003272603094093, 
        "mean": 0.9126673267030955
    }, 
    "error_count": 0, 
    "success_count": 4631
}