{
    "crashes": {
        "std": 2.679315570944242, 
        "mean": 0.836334922350016
    }, 
    "total_count": 4376, 
    "crimes": {
        "std": 0.6423531384190315, 
        "mean": 0.09123618544440362
    }, 
    "traffic": {
        "std": 0.7537158153034591, 
        "mean": 0.9346367188196631
    }, 
    "error_count": 0, 
    "success_count": 4376
}