{
    "crashes": {
        "std": 2.828776250163172, 
        "mean": 0.8742756449099771
    }, 
    "total_count": 4216, 
    "crimes": {
        "std": 0.6023264103259852, 
        "mean": 0.0712673500925277
    }, 
    "traffic": {
        "std": 0.640964422915855, 
        "mean": 0.8771081344006597
    }, 
    "error_count": 0, 
    "success_count": 4216
}