{
    "crashes": {
        "std": 2.674987320820086, 
        "mean": 0.8614466181268619
    }, 
    "total_count": 4089, 
    "crimes": {
        "std": 0.684770582629407, 
        "mean": 0.10392750370949755
    }, 
    "traffic": {
        "std": 0.6497795989668315, 
        "mean": 0.8711589229184556
    }, 
    "error_count": 0, 
    "success_count": 4089
}