{
    "crashes": {
        "std": 2.744256021175675, 
        "mean": 0.8901757423345562
    }, 
    "total_count": 4631, 
    "crimes": {
        "std": 0.5523327723496155, 
        "mean": 0.06469450737909813
    }, 
    "traffic": {
        "std": 0.8116340776641198, 
        "mean": 0.9857506897867813
    }, 
    "error_count": 0, 
    "success_count": 4631
}