{
    "crashes": {
        "std": 2.5775157861941964, 
        "mean": 0.8118259723252385
    }, 
    "total_count": 4586, 
    "crimes": {
        "std": 0.581753211095003, 
        "mean": 0.07753755614395827
    }, 
    "traffic": {
        "std": 0.7017499464460152, 
        "mean": 0.913456723042426
    }, 
    "error_count": 0, 
    "success_count": 4586
}