{
    "crashes": {
        "std": 2.695999004214937, 
        "mean": 0.8355023642507934
    }, 
    "total_count": 4630, 
    "crimes": {
        "std": 0.7510113077016461, 
        "mean": 0.10158097311646708
    }, 
    "traffic": {
        "std": 0.7637889027201206, 
        "mean": 0.9313828009788659
    }, 
    "error_count": 0, 
    "success_count": 4630
}