{
    "crashes": {
        "std": 2.7504320798587147, 
        "mean": 0.8731234560195512
    }, 
    "total_count": 4250, 
    "crimes": {
        "std": 0.6171184815638089, 
        "mean": 0.08430606175936899
    }, 
    "traffic": {
        "std": 0.681849459169145, 
        "mean": 0.90484569432002
    }, 
    "error_count": 0, 
    "success_count": 4250
}