{
    "crashes": {
        "std": 2.8211603982380287, 
        "mean": 0.9129165787769844
    }, 
    "total_count": 4653, 
    "crimes": {
        "std": 0.6661938268337857, 
        "mean": 0.08536910601830508
    }, 
    "traffic": {
        "std": 0.7272130135270154, 
        "mean": 0.9621666203696368
    }, 
    "error_count": 0, 
    "success_count": 4653
}