{
    "crashes": {
        "std": 2.4701406119200646, 
        "mean": 0.7436602868499972
    }, 
    "total_count": 4604, 
    "crimes": {
        "std": 0.56915103532533, 
        "mean": 0.06650153816458687
    }, 
    "traffic": {
        "std": 0.6792043843197694, 
        "mean": 0.8935475929894776
    }, 
    "error_count": 0, 
    "success_count": 4604
}