{
    "crashes": {
        "std": 2.7828880475617304, 
        "mean": 0.878955259232516
    }, 
    "total_count": 4161, 
    "crimes": {
        "std": 0.6923208248133285, 
        "mean": 0.10177019371224431
    }, 
    "traffic": {
        "std": 0.7226255241546209, 
        "mean": 0.8885628087622917
    }, 
    "error_count": 0, 
    "success_count": 4161
}