{
    "crashes": {
        "std": 2.6901898706730107, 
        "mean": 0.8599140358819634
    }, 
    "total_count": 4757, 
    "crimes": {
        "std": 0.7059778590950577, 
        "mean": 0.09749444088672762
    }, 
    "traffic": {
        "std": 0.7173701255409987, 
        "mean": 0.921917455409065
    }, 
    "error_count": 0, 
    "success_count": 4757
}