{
    "crashes": {
        "std": 2.879627547106494, 
        "mean": 0.9392674110264508
    }, 
    "total_count": 4858, 
    "crimes": {
        "std": 0.5607528709799199, 
        "mean": 0.07086764754911207
    }, 
    "traffic": {
        "std": 0.7559508566412042, 
        "mean": 0.9389047698325139
    }, 
    "error_count": 0, 
    "success_count": 4858
}