{
    "crashes": {
        "std": 2.3865430619823655, 
        "mean": 0.7582184619023666
    }, 
    "total_count": 4205, 
    "crimes": {
        "std": 0.677860372972021, 
        "mean": 0.09634322471671614
    }, 
    "traffic": {
        "std": 0.7140917584918863, 
        "mean": 0.8847527480541395
    }, 
    "error_count": 0, 
    "success_count": 4205
}