{
    "crashes": {
        "std": 2.7179985194819003, 
        "mean": 0.8732994148836343
    }, 
    "total_count": 4452, 
    "crimes": {
        "std": 0.6331945890257312, 
        "mean": 0.0876475304282464
    }, 
    "traffic": {
        "std": 0.6980943509166393, 
        "mean": 0.8932177465046907
    }, 
    "error_count": 0, 
    "success_count": 4452
}