{
    "crashes": {
        "std": 2.6186250487303773, 
        "mean": 0.8374409740106339
    }, 
    "total_count": 4289, 
    "crimes": {
        "std": 0.6653821915012766, 
        "mean": 0.09784701940792402
    }, 
    "traffic": {
        "std": 0.7424101295990279, 
        "mean": 0.903786829220772
    }, 
    "error_count": 0, 
    "success_count": 4289
}