{
    "crashes": {
        "std": 0.12668636719501192, 
        "mean": 0.030052281305488305
    }, 
    "total_count": 6362, 
    "crimes": {
        "std": 0.1520683363560185, 
        "mean": 0.013148131489445491
    }, 
    "traffic": {
        "std": 0.20905439595513906, 
        "mean": 0.05086249826561882
    }, 
    "error_count": 4372, 
    "success_count": 1990
}