{
    "crashes": {
        "std": 2.594865581607801, 
        "mean": 0.7811727096827275
    }, 
    "total_count": 3046, 
    "crimes": {
        "std": 0.7601636220297856, 
        "mean": 0.11425220220071272
    }, 
    "traffic": {
        "std": 1.4349390141933311, 
        "mean": 1.8583296607963617
    }, 
    "error_count": 0, 
    "success_count": 3046
}