{
    "crashes": {
        "std": 2.6713118878350577, 
        "mean": 0.7815993632246852
    }, 
    "total_count": 3188, 
    "crimes": {
        "std": 0.6366066470108296, 
        "mean": 0.09039976004928522
    }, 
    "traffic": {
        "std": 1.4715721745766854, 
        "mean": 1.9046273614536846
    }, 
    "error_count": 0, 
    "success_count": 3188
}