{
    "crashes": {
        "std": 2.6940814595616467, 
        "mean": 0.7921891666881313
    }, 
    "total_count": 3104, 
    "crimes": {
        "std": 0.8737917934496725, 
        "mean": 0.14258819838163792
    }, 
    "traffic": {
        "std": 1.4218559669237312, 
        "mean": 1.8527138803265324
    }, 
    "error_count": 0, 
    "success_count": 3104
}