{
    "crashes": {
        "std": 2.43253088570736, 
        "mean": 0.7267856545839451
    }, 
    "total_count": 3232, 
    "crimes": {
        "std": 0.7045115671268974, 
        "mean": 0.10647240218905682
    }, 
    "traffic": {
        "std": 1.4632712720588814, 
        "mean": 1.889860039283929
    }, 
    "error_count": 0, 
    "success_count": 3232
}