{
    "crashes": {
        "std": 2.674484331446175, 
        "mean": 0.8145359207129454
    }, 
    "total_count": 3075, 
    "crimes": {
        "std": 0.7748777241274799, 
        "mean": 0.13248369585147818
    }, 
    "traffic": {
        "std": 1.3996774608718738, 
        "mean": 1.8329372044458587
    }, 
    "error_count": 0, 
    "success_count": 3075
}