{
    "crashes": {
        "std": 2.6345044237875226, 
        "mean": 0.7555989190033896
    }, 
    "total_count": 3081, 
    "crimes": {
        "std": 0.6569438660163938, 
        "mean": 0.10161515901552796
    }, 
    "traffic": {
        "std": 1.4411933373793349, 
        "mean": 1.8755145177955166
    }, 
    "error_count": 0, 
    "success_count": 3081
}