{
    "crashes": {
        "std": 2.5922516902631703, 
        "mean": 0.7741336398630114
    }, 
    "total_count": 3220, 
    "crimes": {
        "std": 0.7052222851038826, 
        "mean": 0.10456930280880285
    }, 
    "traffic": {
        "std": 1.46951916490887, 
        "mean": 1.8669689024796479
    }, 
    "error_count": 0, 
    "success_count": 3220
}