{
    "crashes": {
        "std": 2.520673346482647, 
        "mean": 0.7505213575087522
    }, 
    "total_count": 3332, 
    "crimes": {
        "std": 0.7020395778925722, 
        "mean": 0.10188998473927925
    }, 
    "traffic": {
        "std": 1.4381415258545565, 
        "mean": 1.8666288993816345
    }, 
    "error_count": 0, 
    "success_count": 3332
}