{
    "crashes": {
        "std": 2.696373918936912, 
        "mean": 0.7940864439467682
    }, 
    "total_count": 2833, 
    "crimes": {
        "std": 0.6759724400959634, 
        "mean": 0.10114277982407767
    }, 
    "traffic": {
        "std": 1.3703902098077838, 
        "mean": 1.6919307762512168
    }, 
    "error_count": 0, 
    "success_count": 2833
}