{
    "crashes": {
        "std": 2.712521294396614, 
        "mean": 0.8289883172964789
    }, 
    "total_count": 3026, 
    "crimes": {
        "std": 0.7412858982076769, 
        "mean": 0.11875914265923687
    }, 
    "traffic": {
        "std": 1.39339319577101, 
        "mean": 1.759861182489189
    }, 
    "error_count": 0, 
    "success_count": 3026
}