{
    "crashes": {
        "std": 2.6634510843341097, 
        "mean": 0.7865050997161817
    }, 
    "total_count": 3040, 
    "crimes": {
        "std": 0.689131100816592, 
        "mean": 0.0952181784648614
    }, 
    "traffic": {
        "std": 1.504087360198554, 
        "mean": 1.8823674734833766
    }, 
    "error_count": 0, 
    "success_count": 3040
}