{
    "crashes": {
        "std": 2.488592647512881, 
        "mean": 0.7710176684451645
    }, 
    "total_count": 3017, 
    "crimes": {
        "std": 0.6157963523423664, 
        "mean": 0.08175801820118181
    }, 
    "traffic": {
        "std": 1.4155018755819149, 
        "mean": 1.8165902741506714
    }, 
    "error_count": 0, 
    "success_count": 3017
}