{
    "crashes": {
        "std": 2.6104082380288633, 
        "mean": 0.8016477732173853
    }, 
    "total_count": 3172, 
    "crimes": {
        "std": 0.7529739863957756, 
        "mean": 0.11322936174797729
    }, 
    "traffic": {
        "std": 1.4682637683933717, 
        "mean": 1.8704125304336712
    }, 
    "error_count": 0, 
    "success_count": 3172
}