{
    "crashes": {
        "std": 2.845733879072634, 
        "mean": 0.8584316866205114
    }, 
    "total_count": 3110, 
    "crimes": {
        "std": 0.7766355359582153, 
        "mean": 0.13097291165539626
    }, 
    "traffic": {
        "std": 1.3725184886165829, 
        "mean": 1.7976588739612094
    }, 
    "error_count": 0, 
    "success_count": 3110
}