{
    "crashes": {
        "std": 2.5115208901493147, 
        "mean": 0.749921060710196
    }, 
    "total_count": 2924, 
    "crimes": {
        "std": 0.7351600005739243, 
        "mean": 0.11430978349706888
    }, 
    "traffic": {
        "std": 1.3888414429088194, 
        "mean": 1.7929784896555334
    }, 
    "error_count": 0, 
    "success_count": 2924
}