{
    "crashes": {
        "std": 2.62977091862675, 
        "mean": 0.7855526025373654
    }, 
    "total_count": 3092, 
    "crimes": {
        "std": 0.743565539523956, 
        "mean": 0.11244291148622043
    }, 
    "traffic": {
        "std": 1.3883318356899772, 
        "mean": 1.8474345536554388
    }, 
    "error_count": 0, 
    "success_count": 3092
}