{
    "crashes": {
        "std": 2.65849466424535, 
        "mean": 0.7905096729676843
    }, 
    "total_count": 3054, 
    "crimes": {
        "std": 0.7329852898660381, 
        "mean": 0.11526133918464114
    }, 
    "traffic": {
        "std": 1.4130356496436487, 
        "mean": 1.8181519256094334
    }, 
    "error_count": 0, 
    "success_count": 3054
}