{
    "crashes": {
        "std": 2.666317902073021, 
        "mean": 0.7774610048846672
    }, 
    "total_count": 3165, 
    "crimes": {
        "std": 0.7288818967179701, 
        "mean": 0.12024304976375037
    }, 
    "traffic": {
        "std": 1.4161319041627074, 
        "mean": 1.8837260879762605
    }, 
    "error_count": 0, 
    "success_count": 3165
}