{
    "crashes": {
        "std": 2.7297933200780595, 
        "mean": 0.8099481744899293
    }, 
    "total_count": 3083, 
    "crimes": {
        "std": 0.7136463311606854, 
        "mean": 0.10442617083029065
    }, 
    "traffic": {
        "std": 1.3647164885746337, 
        "mean": 1.782857584548164
    }, 
    "error_count": 0, 
    "success_count": 3083
}