{
    "crashes": {
        "std": 2.6906094193655274, 
        "mean": 0.84300898696431
    }, 
    "total_count": 3190, 
    "crimes": {
        "std": 0.7584925233449658, 
        "mean": 0.12547552866223732
    }, 
    "traffic": {
        "std": 1.513491246219665, 
        "mean": 1.9443583987841913
    }, 
    "error_count": 0, 
    "success_count": 3190
}