{
    "crashes": {
        "std": 2.704754119528178, 
        "mean": 0.8020944813136103
    }, 
    "total_count": 3103, 
    "crimes": {
        "std": 0.6240521179136145, 
        "mean": 0.08699404031836454
    }, 
    "traffic": {
        "std": 1.3626611653063503, 
        "mean": 1.801480713219101
    }, 
    "error_count": 0, 
    "success_count": 3103
}