{
    "crashes": {
        "std": 2.658083312105004, 
        "mean": 0.778059525905182
    }, 
    "total_count": 3228, 
    "crimes": {
        "std": 0.66232563772692, 
        "mean": 0.1023785491610932
    }, 
    "traffic": {
        "std": 1.4989749167406918, 
        "mean": 1.9243970424066295
    }, 
    "error_count": 0, 
    "success_count": 3228
}