{
    "crashes": {
        "std": 2.560918731086152, 
        "mean": 0.7147440260258316
    }, 
    "total_count": 3124, 
    "crimes": {
        "std": 0.8363309123542989, 
        "mean": 0.1308466085418367
    }, 
    "traffic": {
        "std": 1.4602315715422796, 
        "mean": 1.856831387843775
    }, 
    "error_count": 0, 
    "success_count": 3124
}