{
    "crashes": {
        "std": 2.5794441572460056, 
        "mean": 0.7850115567192553
    }, 
    "total_count": 3066, 
    "crimes": {
        "std": 0.6548541299034115, 
        "mean": 0.10547900328540662
    }, 
    "traffic": {
        "std": 1.485889342566599, 
        "mean": 1.850726455350191
    }, 
    "error_count": 0, 
    "success_count": 3066
}