{
    "crashes": {
        "std": 2.6094811538393814, 
        "mean": 0.7795035546273742
    }, 
    "total_count": 3087, 
    "crimes": {
        "std": 0.8066818981758604, 
        "mean": 0.11757174007786632
    }, 
    "traffic": {
        "std": 1.4373858217660906, 
        "mean": 1.8262928912952412
    }, 
    "error_count": 0, 
    "success_count": 3087
}