{
    "crashes": {
        "std": 2.589714498506419, 
        "mean": 0.7605581204470939
    }, 
    "total_count": 3102, 
    "crimes": {
        "std": 0.6503597911753308, 
        "mean": 0.09334969045335621
    }, 
    "traffic": {
        "std": 1.4244715546233464, 
        "mean": 1.8311771557523773
    }, 
    "error_count": 0, 
    "success_count": 3102
}