{
    "crashes": {
        "std": 2.7181020233960176, 
        "mean": 0.8379483951574778
    }, 
    "total_count": 3145, 
    "crimes": {
        "std": 0.7129635715200211, 
        "mean": 0.113489311740799
    }, 
    "traffic": {
        "std": 1.521790789955398, 
        "mean": 1.9196172377400298
    }, 
    "error_count": 0, 
    "success_count": 3145
}