{
    "crashes": {
        "std": 2.4151989496878103, 
        "mean": 0.691717878322413
    }, 
    "total_count": 3139, 
    "crimes": {
        "std": 0.7812001699960999, 
        "mean": 0.12714787058228205
    }, 
    "traffic": {
        "std": 1.4650198298428199, 
        "mean": 1.8795640906023792
    }, 
    "error_count": 0, 
    "success_count": 3139
}