{
    "crashes": {
        "std": 2.4380959487168297, 
        "mean": 0.7070465158257153
    }, 
    "total_count": 3060, 
    "crimes": {
        "std": 0.6992300468836269, 
        "mean": 0.1103799128564435
    }, 
    "traffic": {
        "std": 1.3885455241811406, 
        "mean": 1.785049482804357
    }, 
    "error_count": 0, 
    "success_count": 3060
}