{
    "crashes": {
        "std": 2.4245993056003803, 
        "mean": 0.7225337098218524
    }, 
    "total_count": 3020, 
    "crimes": {
        "std": 0.6728532282059887, 
        "mean": 0.10424732069234757
    }, 
    "traffic": {
        "std": 1.4009977817988153, 
        "mean": 1.8046681422666455
    }, 
    "error_count": 0, 
    "success_count": 3020
}