{
    "crashes": {
        "std": 2.478243120191256, 
        "mean": 0.7089217394414212
    }, 
    "total_count": 2959, 
    "crimes": {
        "std": 0.7988011920648876, 
        "mean": 0.12352367597662305
    }, 
    "traffic": {
        "std": 1.413118686989678, 
        "mean": 1.8010528404276736
    }, 
    "error_count": 0, 
    "success_count": 2959
}