{
    "crashes": {
        "std": 2.424276832683052, 
        "mean": 0.7078545061816467
    }, 
    "total_count": 2933, 
    "crimes": {
        "std": 0.6957076134731043, 
        "mean": 0.11731607968767163
    }, 
    "traffic": {
        "std": 1.33597358019908, 
        "mean": 1.689676181756132
    }, 
    "error_count": 0, 
    "success_count": 2933
}