{
    "crashes": {
        "std": 2.5928239238122366, 
        "mean": 0.7311001176806482
    }, 
    "total_count": 3124, 
    "crimes": {
        "std": 0.7385264387807611, 
        "mean": 0.12054632390990692
    }, 
    "traffic": {
        "std": 1.4715457908663823, 
        "mean": 1.9061133900320273
    }, 
    "error_count": 0, 
    "success_count": 3124
}