{
    "crashes": {
        "std": 0.1327922267889997, 
        "mean": 0.033215679337644965
    }, 
    "total_count": 5803, 
    "crimes": {
        "std": 0.15980880290762164, 
        "mean": 0.014532145330439753
    }, 
    "traffic": {
        "std": 0.21227681231823906, 
        "mean": 0.05284958455503277
    }, 
    "error_count": 1589, 
    "success_count": 4214
}