{
    "crashes": {
        "std": 0.6081141379589954, 
        "mean": 0.08594827596882634
    }, 
    "total_count": 8784, 
    "crimes": {
        "std": 3.0504136633230825, 
        "mean": 0.9246583836019041
    }, 
    "traffic": {
        "std": 0.9977021801639933, 
        "mean": 1.455336842892813
    }, 
    "error_count": 0, 
    "success_count": 8784
}