{
    "crashes": {
        "std": 0.6257070989307354, 
        "mean": 0.09225831229169941
    }, 
    "total_count": 8486, 
    "crimes": {
        "std": 3.1010535056882724, 
        "mean": 0.9450459969930286
    }, 
    "traffic": {
        "std": 1.1539714673760768, 
        "mean": 1.4789445237663177
    }, 
    "error_count": 0, 
    "success_count": 8486
}