{
    "crashes": {
        "std": 0.5515778216346248, 
        "mean": 0.0762378329328726
    }, 
    "total_count": 8477, 
    "crimes": {
        "std": 2.8441210181973697, 
        "mean": 0.8226196809307211
    }, 
    "traffic": {
        "std": 1.0574710926514146, 
        "mean": 1.419164486807463
    }, 
    "error_count": 0, 
    "success_count": 8477
}