{
    "crashes": {
        "std": 0.6744906671861423, 
        "mean": 0.0903359326432901
    }, 
    "total_count": 8400, 
    "crimes": {
        "std": 2.8085590775023226, 
        "mean": 0.8277390892234838
    }, 
    "traffic": {
        "std": 1.0055497393200201, 
        "mean": 1.339911771317626
    }, 
    "error_count": 0, 
    "success_count": 8400
}