{
    "crashes": {
        "std": 0.5352148303935889, 
        "mean": 0.07370989399201294
    }, 
    "total_count": 8480, 
    "crimes": {
        "std": 2.891827428816347, 
        "mean": 0.8968157839268002
    }, 
    "traffic": {
        "std": 1.017086443733427, 
        "mean": 1.351257837080297
    }, 
    "error_count": 0, 
    "success_count": 8480
}