{
    "crashes": {
        "std": 0.5421605171717064, 
        "mean": 0.0833465310921983
    }, 
    "total_count": 9016, 
    "crimes": {
        "std": 2.9938454207465184, 
        "mean": 0.9128976373902093
    }, 
    "traffic": {
        "std": 1.1941061018926429, 
        "mean": 1.523486757322407
    }, 
    "error_count": 0, 
    "success_count": 9016
}