{
    "crashes": {
        "std": 0.6747415651156243, 
        "mean": 0.09732200836809665
    }, 
    "total_count": 8704, 
    "crimes": {
        "std": 2.9721068045902976, 
        "mean": 0.9000635223547545
    }, 
    "traffic": {
        "std": 1.1104497504323245, 
        "mean": 1.461238623106994
    }, 
    "error_count": 0, 
    "success_count": 8704
}