{
    "crashes": {
        "std": 0.6815214251196565, 
        "mean": 0.09814454214713769
    }, 
    "total_count": 8014, 
    "crimes": {
        "std": 2.982496290440547, 
        "mean": 0.9104748137932551
    }, 
    "traffic": {
        "std": 1.006569011348819, 
        "mean": 1.3241722296815022
    }, 
    "error_count": 0, 
    "success_count": 8014
}