{
    "crashes": {
        "std": 0.6072261135858076, 
        "mean": 0.09596588240576436
    }, 
    "total_count": 7731, 
    "crimes": {
        "std": 2.875632154373115, 
        "mean": 0.8515241645460958
    }, 
    "traffic": {
        "std": 1.1529899664050691, 
        "mean": 1.374094541777967
    }, 
    "error_count": 0, 
    "success_count": 7731
}