{
    "crashes": {
        "std": 0.6632977045467605, 
        "mean": 0.096574879905169
    }, 
    "total_count": 9583, 
    "crimes": {
        "std": 3.2360082562044004, 
        "mean": 0.9775045817009814
    }, 
    "traffic": {
        "std": 1.261316668993827, 
        "mean": 1.563976906658904
    }, 
    "error_count": 0, 
    "success_count": 9583
}