{
    "crashes": {
        "std": 0.7011508963534766, 
        "mean": 0.09144080551778347
    }, 
    "total_count": 9884, 
    "crimes": {
        "std": 2.949295153384348, 
        "mean": 0.894571235558904
    }, 
    "traffic": {
        "std": 1.109290655027243, 
        "mean": 1.5226364466294848
    }, 
    "error_count": 0, 
    "success_count": 9884
}