{
    "crashes": {
        "std": 0.6142304515716787, 
        "mean": 0.09472669801890604
    }, 
    "total_count": 7523, 
    "crimes": {
        "std": 3.038194532292592, 
        "mean": 0.8980542392565707
    }, 
    "traffic": {
        "std": 1.033123027944983, 
        "mean": 1.2981903737549612
    }, 
    "error_count": 0, 
    "success_count": 7523
}