{
    "crashes": {
        "std": 0.5209811624089019, 
        "mean": 0.06382754467351606
    }, 
    "total_count": 7495, 
    "crimes": {
        "std": 2.910027357004427, 
        "mean": 0.8678044242320507
    }, 
    "traffic": {
        "std": 0.9598603535626952, 
        "mean": 1.2941467877513098
    }, 
    "error_count": 0, 
    "success_count": 7495
}