{
    "crashes": {
        "std": 0.6354936054996501, 
        "mean": 0.08851660480021642
    }, 
    "total_count": 8068, 
    "crimes": {
        "std": 2.807205896715264, 
        "mean": 0.8233080347047369
    }, 
    "traffic": {
        "std": 1.0828980916534263, 
        "mean": 1.438233673860057
    }, 
    "error_count": 0, 
    "success_count": 8068
}