{
    "crashes": {
        "std": 0.7124907215901582, 
        "mean": 0.10376204400326264
    }, 
    "total_count": 6902, 
    "crimes": {
        "std": 2.810363116435912, 
        "mean": 0.8087393138557102
    }, 
    "traffic": {
        "std": 0.9018677654461096, 
        "mean": 1.2505548358308927
    }, 
    "error_count": 0, 
    "success_count": 6902
}