{
    "crashes": {
        "std": 0.5251863826094377, 
        "mean": 0.07806978308473914
    }, 
    "total_count": 8596, 
    "crimes": {
        "std": 2.8594319462249387, 
        "mean": 0.8271227204362306
    }, 
    "traffic": {
        "std": 0.9973458924563408, 
        "mean": 1.3519449017768177
    }, 
    "error_count": 0, 
    "success_count": 8596
}