{
    "crashes": {
        "std": 0.522914217506372, 
        "mean": 0.07384665810225362
    }, 
    "total_count": 7596, 
    "crimes": {
        "std": 2.8640546834831926, 
        "mean": 0.8357795009537112
    }, 
    "traffic": {
        "std": 0.9297043990478738, 
        "mean": 1.3283909096319744
    }, 
    "error_count": 0, 
    "success_count": 7596
}