{
    "crashes": {
        "std": 0.5868244936595046, 
        "mean": 0.08112372513195855
    }, 
    "total_count": 9783, 
    "crimes": {
        "std": 2.8727481885741146, 
        "mean": 0.8465735398856393
    }, 
    "traffic": {
        "std": 1.1010314727936503, 
        "mean": 1.4541140482189436
    }, 
    "error_count": 0, 
    "success_count": 9783
}