{
    "crashes": {
        "std": 0.5954335274857201, 
        "mean": 0.0798943464993549
    }, 
    "total_count": 9824, 
    "crimes": {
        "std": 3.053597956039173, 
        "mean": 0.9160392369233483
    }, 
    "traffic": {
        "std": 1.2767735624506211, 
        "mean": 1.591170713871157
    }, 
    "error_count": 0, 
    "success_count": 9824
}