{
    "crashes": {
        "std": 0.5427698747880345, 
        "mean": 0.06475686022091436
    }, 
    "total_count": 9661, 
    "crimes": {
        "std": 3.0105782151366927, 
        "mean": 0.8805488860403966
    }, 
    "traffic": {
        "std": 1.1617907662953009, 
        "mean": 1.4298078164215262
    }, 
    "error_count": 0, 
    "success_count": 9661
}