{
    "crashes": {
        "std": 0.6723568688938973, 
        "mean": 0.09086615209869157
    }, 
    "total_count": 9175, 
    "crimes": {
        "std": 2.7538549175074816, 
        "mean": 0.7955533618442185
    }, 
    "traffic": {
        "std": 1.1334772624360432, 
        "mean": 1.4748353464975759
    }, 
    "error_count": 0, 
    "success_count": 9175
}