{
    "crashes": {
        "std": 0.6925014376822812, 
        "mean": 0.10622626517717346
    }, 
    "total_count": 7364, 
    "crimes": {
        "std": 3.296205231300576, 
        "mean": 1.0062300659064345
    }, 
    "traffic": {
        "std": 0.8739472430812883, 
        "mean": 1.1767870149914357
    }, 
    "error_count": 0, 
    "success_count": 7364
}