{
    "crashes": {
        "std": 0.54923664319288, 
        "mean": 0.08247698592080782
    }, 
    "total_count": 8454, 
    "crimes": {
        "std": 2.7917548896797206, 
        "mean": 0.8037108837777998
    }, 
    "traffic": {
        "std": 0.9515877724765957, 
        "mean": 1.303142747595886
    }, 
    "error_count": 0, 
    "success_count": 8454
}