{
    "crashes": {
        "std": 0.7827525828752404, 
        "mean": 0.10990017900618304
    }, 
    "total_count": 8277, 
    "crimes": {
        "std": 2.9131554664756942, 
        "mean": 0.7986260548471822
    }, 
    "traffic": {
        "std": 1.0207711008044327, 
        "mean": 1.3378790570454668
    }, 
    "error_count": 0, 
    "success_count": 8277
}