{
    "crashes": {
        "std": 0.7052291968708306, 
        "mean": 0.10067962522890034
    }, 
    "total_count": 8578, 
    "crimes": {
        "std": 3.114713698056721, 
        "mean": 0.9348701827845685
    }, 
    "traffic": {
        "std": 1.0755559876801013, 
        "mean": 1.4623321641149924
    }, 
    "error_count": 0, 
    "success_count": 8578
}