{
    "crashes": {
        "std": 0.7417717103695571, 
        "mean": 0.10709258236215466
    }, 
    "total_count": 8257, 
    "crimes": {
        "std": 2.855558264817086, 
        "mean": 0.8305248021187767
    }, 
    "traffic": {
        "std": 0.9894336100225142, 
        "mean": 1.3741714864374255
    }, 
    "error_count": 0, 
    "success_count": 8257
}