{
    "crashes": {
        "std": 0.6677667429992101, 
        "mean": 0.09292314803988251
    }, 
    "total_count": 8488, 
    "crimes": {
        "std": 3.063383079583225, 
        "mean": 0.9216247613545389
    }, 
    "traffic": {
        "std": 1.152088592040361, 
        "mean": 1.4175054676900622
    }, 
    "error_count": 0, 
    "success_count": 8488
}