{
    "crashes": {
        "std": 0.6457252727775962, 
        "mean": 0.09526311929350559
    }, 
    "total_count": 8680, 
    "crimes": {
        "std": 2.8769017259600855, 
        "mean": 0.8822281144934085
    }, 
    "traffic": {
        "std": 1.0613219749421672, 
        "mean": 1.4598694629695699
    }, 
    "error_count": 0, 
    "success_count": 8680
}