{
    "crashes": {
        "std": 0.668761798100583, 
        "mean": 0.09612812678639196
    }, 
    "total_count": 9764, 
    "crimes": {
        "std": 2.98158811201292, 
        "mean": 0.8890891881242685
    }, 
    "traffic": {
        "std": 1.2059854223993551, 
        "mean": 1.5283480448808187
    }, 
    "error_count": 0, 
    "success_count": 9764
}