{
    "crashes": {
        "std": 0.7216669187247648, 
        "mean": 0.09516446407358271
    }, 
    "total_count": 8153, 
    "crimes": {
        "std": 3.022790562314775, 
        "mean": 0.9252047277746792
    }, 
    "traffic": {
        "std": 1.036431621558966, 
        "mean": 1.426201278835289
    }, 
    "error_count": 0, 
    "success_count": 8153
}