{
    "crashes": {
        "std": 0.5786594354926862, 
        "mean": 0.08118153891978751
    }, 
    "total_count": 8748, 
    "crimes": {
        "std": 2.927933571291891, 
        "mean": 0.8704121839276707
    }, 
    "traffic": {
        "std": 1.0988696352122234, 
        "mean": 1.4833189002600946
    }, 
    "error_count": 0, 
    "success_count": 8748
}