{
    "crashes": {
        "std": 0.645661017025985, 
        "mean": 0.0892842762745537
    }, 
    "total_count": 6860, 
    "crimes": {
        "std": 3.005211547662299, 
        "mean": 0.879688888075587
    }, 
    "traffic": {
        "std": 0.8750452373508851, 
        "mean": 1.244496287050379
    }, 
    "error_count": 0, 
    "success_count": 6860
}