{
    "crashes": {
        "std": 0.6684331858520219, 
        "mean": 0.09008854973091796
    }, 
    "total_count": 10285, 
    "crimes": {
        "std": 3.162965349405077, 
        "mean": 0.9223679698122856
    }, 
    "traffic": {
        "std": 1.322669036402348, 
        "mean": 1.5607709035137722
    }, 
    "error_count": 0, 
    "success_count": 10285
}