{
    "crashes": {
        "std": 0.11667937955968449, 
        "mean": 0.009328275743949746
    }, 
    "total_count": 3038, 
    "crimes": {
        "std": 0.250432515758395, 
        "mean": 0.050284406030767385
    }, 
    "traffic": {
        "std": 0.21420588079758637, 
        "mean": 0.05547972258228411
    }, 
    "error_count": 2114, 
    "success_count": 924
}