{
    "route_austin_traffic": {
        "duration": [
            419.67211872856603,
            385.84634461847867
        ],
        "route_length": [
            1786.8596742783861,
            1349.5219606284336
        ],
        "time_loss": [
            284.17097525405126,
            282.8910696642256
        ]
    },
    "route_austin_mcrimes": {
        "duration": [
            385.36808884510464,
            338.97576986501406
        ],
        "route_length": [
            1705.3733226566696,
            1256.6326482331533
        ],
        "time_loss": [
            257.7444270412786,
            245.3679249649237
        ]
    },
    "route_austin_crashes": {
        "duration": [
            264.055255735245,
            172.66549699329673
        ],
        "route_length": [
            1258.936138431774,
            634.8814575470955
        ],
        "time_loss": [
            183.34649175187147,
            148.51334944352993
        ]
    },
    "route_austin_crimes": {
        "duration": [
            265.35434935293534,
            177.12750867792127
        ],
        "route_length": [
            1246.9117430099307,
            617.2174153514289
        ],
        "time_loss": [
            185.31181424210115,
            155.1467107529203
        ]
    },
    "route_austin_mcrashes": {
        "duration": [
            385.3485308767792,
            339.800167744354
        ],
        "route_length": [
            1709.2909993862843,
            1264.6114739090478
        ],
        "time_loss": [
            257.99833018752946,
            246.5582823837025
        ]
    },
    "route_austin_mtraffic": {
        "duration": [
            388.07975652035464,
            340.6609272446342
        ],
        "route_length": [
            1711.007441000797,
            1259.4309515074096
        ],
        "time_loss": [
            259.7617607123184,
            246.78591991385343
        ]
    },
    "route_austin_same": {
        "duration": [
            383.40717080645044,
            335.9939077639352
        ],
        "route_length": [
            1706.2781437841018,
            1257.1248434074664
        ],
        "time_loss": [
            256.01064631060314,
            242.80505312514606
        ]
    },
    "route_chicago_traffic": {
        "duration": [
            702.6329245759259,
            712.2149546562163
        ],
        "route_length": [
            1974.8122248164195,
            1539.8183612051241
        ],
        "time_loss": [
            554.1111615691706,
            587.3065386179915
        ]
    },
    "route_chicago_mcrimes": {
        "duration": [
            679.5584858132033,
            688.0046456363913
        ],
        "route_length": [
            1927.602905731008,
            1504.7801906562693
        ],
        "time_loss": [
            535.5429463709778,
            568.141044961997
        ]
    },
    "route_chicago_crashes": {
        "duration": [
            291.1914227662125,
            173.59883762043305
        ],
        "route_length": [
            1217.2375778162902,
            594.6070266644828
        ],
        "time_loss": [
            215.51438119245626,
            144.51701240276677
        ]
    },
    "route_chicago_crimes": {
        "duration": [
            301.1638366020272,
            190.7003561811615
        ],
        "route_length": [
            1242.3177811240753,
            626.5004380527289
        ],
        "time_loss": [
            223.7644940022746,
            160.7684537643123
        ]
    },
    "route_chicago_mcrashes": {
        "duration": [
            677.5490838549938,
            685.0465050921771
        ],
        "route_length": [
            1933.3578003151233,
            1507.235667694122
        ],
        "time_loss": [
            532.7207248829362,
            563.6587411635904
        ]
    },
    "route_chicago_mtraffic": {
        "duration": [
            678.6175779451653,
            686.0734382031123
        ],
        "route_length": [
            1931.2254204001683,
            1503.9538571049968
        ],
        "time_loss": [
            534.0510916586777,
            565.6053435705613
        ]
    },
    "route_chicago_same": {
        "duration": [
            675.6140705218537,
            680.5624985377192
        ],
        "route_length": [
            1929.0548116800041,
            1498.2240808734407
        ],
        "time_loss": [
            530.8561657773889,
            559.4423474976967
        ]
    },
    "context_austin_traffic": {
        "traffic": [
            0.8460311302669314,
            0.5811965289259279
        ],
        "crimes": [
            0.4488321404910004,
            2.4994266639970304
        ],
        "crashes": [
            1.8349086322826327,
            5.921903166485288
        ]
    },
    "context_austin_mcrimes": {
        "traffic": [
            0.9424798115149011,
            0.7543286715171676
        ],
        "crimes": [
            0.08542976406399333,
            0.6369362126562781
        ],
        "crashes": [
            0.8979660773560297,
            2.7726550364114404
        ]
    },
    "context_austin_crashes": {
        "traffic": [
            1.814025962649039,
            1.412772690641191
        ],
        "crimes": [
            0.25097378457518943,
            1.496512483363571
        ],
        "crashes": [
            0.6411132037679307,
            2.1866814803151184
        ]
    },
    "context_austin_crimes": {
        "traffic": [
            1.8397744129835782,
            1.4307721132943818
        ],
        "crimes": [
            0.11153878813626418,
            0.7215930523010778
        ],
        "crashes": [
            0.7727487681979925,
            2.603394783633641
        ]
    },
    "context_austin_mcrashes": {
        "traffic": [
            0.9665064449355388,
            0.8141012578798712
        ],
        "crimes": [
            0.08555782170451784,
            0.6394460182326703
        ],
        "crashes": [
            0.8584253910895197,
            2.671954300727665
        ]
    },
    "context_austin_mtraffic": {
        "traffic": [
            0.9066599744469853,
            0.6873213546670432
        ],
        "crimes": [
            0.08609024055741706,
            0.646179850005632
        ],
        "crashes": [
            0.9494782023297833,
            2.946027326912585
        ]
    },
    "context_austin_same": {
        "traffic": [
            0.9291676607404054,
            0.7333953065074305
        ],
        "crimes": [
            0.08597069206959583,
            0.6410863767674573
        ],
        "crashes": [
            0.887220899904929,
            2.7577768368910234
        ]
    },
    "context_chicago_traffic": {
        "traffic": [
            1.1927042386646434,
            0.7071647720168338
        ],
        "crimes": [
            2.3837676957875016,
            7.7645816199235025
        ],
        "crashes": [
            0.3197042746962504,
            1.8530149584368185
        ]
    },
    "context_chicago_mcrimes": {
        "traffic": [
            1.4091040360618845,
            1.0699419062243376
        ],
        "crimes": [
            0.8796368476106047,
            2.9605326388254696
        ],
        "crashes": [
            0.08930558105189411,
            0.6321833341204276
        ]
    },
    "context_chicago_crashes": {
        "traffic": [
            1.9329105794652237,
            1.431960116133707
        ],
        "crimes": [
            1.084412109390618,
            3.75884716287787
        ],
        "crashes": [
            0.07799510747469843,
            0.5749566961590323
        ]
    },
    "context_chicago_crimes": {
        "traffic": [
            1.9488075608091677,
            1.4333649375015531
        ],
        "crimes": [
            0.7067386706232588,
            2.6076917077370094
        ],