{
    "route_austin_traffic": {
        "duration": [
            417.91416172477665,
            385.92199873179754
        ],
        "route_length": [
            1779.3123334524792,
            1351.4119541573177
        ],
        "time_loss": [
            282.9791319141338,
            282.8500271661387
        ]
    },
    "route_austin_mcrimes": {
        "duration": [
            383.77238676751904,
            339.1129896616937
        ],
        "route_length": [
            1698.2237485010955,
            1258.5942850697215
        ],
        "time_loss": [
            256.67296889299934,
            245.37782665645574
        ]
    },
    "route_austin_crashes": {
        "duration": [
            262.9770224403745,
            173.06934482288355
        ],
        "route_length": [
            1253.705821182348,
            638.4174871948204
        ],
        "time_loss": [
            182.59443399511855,
            148.63570010522523
        ]
    },
    "route_austin_crimes": {
        "duration": [
            264.2724494990829,
            177.5038095826433
        ],
        "route_length": [
            1241.7238525876314,
            620.8376277850982
        ],
        "time_loss": [
            184.5540131432933,
            155.24040499573812
        ]
    },
    "route_austin_mcrashes": {
        "duration": [
            383.7650137695992,
            339.9265022412127
        ],
        "route_length": [
            1702.1688145541657,
            1266.518016876723
        ],
        "time_loss": [
            256.9394922749443,
            246.56013072723735
        ]
    },
    "route_austin_mtraffic": {
        "duration": [
            386.47890200732047,
            340.7918074153053
        ],
        "route_length": [
            1703.8620671234592,
            1261.3776560668607
        ],
        "time_loss": [
            258.6908751644021,
            246.79184986825032
        ]
    },
    "route_austin_same": {
        "duration": [
            381.82662733583567,
            336.12820230403656
        ],
        "route_length": [
            1699.1557839326595,
            1259.0546880731076
        ],
        "time_loss": [
            254.95566413385907,
            242.81361110475882
        ]
    },
    "route_chicago_traffic": {
        "duration": [
            699.7329798155866,
            712.0657530639451
        ],
        "route_length": [
            1966.6178760369828,
            1541.6020217341681
        ],
        "time_loss": [
            551.8238476525237,
            587.0888085037571
        ]
    },
    "route_chicago_mcrimes": {
        "duration": [
            676.7029060112857,
            687.8613794774071
        ],
        "route_length": [
            1919.4486395333822,
            1506.5560070200092
        ],
        "time_loss": [
            533.2920316602392,
            567.9249542780308
        ]
    },
    "route_chicago_crashes": {
        "duration": [
            290.0197834619441,
            174.13826354553257
        ],
        "route_length": [
            1212.1623598622457,
            598.2302458493094
        ],
        "time_loss": [
            214.650532091609,
            144.81154772890855
        ]
    },
    "route_chicago_crimes": {
        "duration": [
            299.9445184486125,
            191.1882978429177
        ],
        "route_length": [
            1237.143352254259,
            630.0030606001693
        ],
        "time_loss": [
            222.85971453921937,
            161.01532606528463
        ]
    },
    "route_chicago_mcrashes": {
        "duration": [
            674.7552787247338,
            684.9203963093244
        ],
        "route_length": [
            1925.2526048662899,
            1509.0381147225905
        ],
        "time_loss": [
            530.5100531113916,
            563.4415922925817
        ]
    },
    "route_chicago_mtraffic": {
        "duration": [
            675.7861301197835,
            685.9286667145277
        ],
        "route_length": [
            1923.1051410218467,
            1505.7390556456342
        ],
        "time_loss": [
            531.823279246664,
            565.3885448677305
        ]
    },
    "route_chicago_same": {
        "duration": [
            672.8028598896435,
            680.425038404159
        ],
        "route_length": [
            1920.934681318344,
            1500.0251135729409
        ],
        "time_loss": [
            528.6502140851698,
            559.235753251726
        ]
    },
    "context_austin_traffic": {
        "traffic": [
            0.8460311302669314,
            0.5811965289259279
        ],
        "crimes": [
            0.4488321404910004,
            2.4994266639970304
        ],
        "crashes": [
            1.8349086322826327,
            5.921903166485288
        ]
    },
    "context_austin_mcrimes": {
        "traffic": [
            0.9424798115149011,
            0.7543286715171676
        ],
        "crimes": [
            0.08542976406399333,
            0.6369362126562781
        ],
        "crashes": [
            0.8979660773560297,
            2.7726550364114404
        ]
    },
    "context_austin_crashes": {
        "traffic": [
            1.814025962649039,
            1.412772690641191
        ],
        "crimes": [
            0.25097378457518943,
            1.496512483363571
        ],
        "crashes": [
            0.6411132037679307,
            2.1866814803151184
        ]
    },
    "context_austin_crimes": {
        "traffic": [
            1.8397744129835782,
            1.4307721132943818
        ],
        "crimes": [
            0.11153878813626418,
            0.7215930523010778
        ],
        "crashes": [
            0.7727487681979925,
            2.603394783633641
        ]
    },
    "context_austin_mcrashes": {
        "traffic": [
            0.9665064449355388,
            0.8141012578798712
        ],
        "crimes": [
            0.08555782170451784,
            0.6394460182326703
        ],
        "crashes": [
            0.8584253910895197,
            2.671954300727665
        ]
    },
    "context_austin_mtraffic": {
        "traffic": [
            0.9066599744469853,
            0.6873213546670432
        ],
        "crimes": [
            0.08609024055741706,
            0.646179850005632
        ],
        "crashes": [
            0.9494782023297833,
            2.946027326912585
        ]
    },
    "context_austin_same": {
        "traffic": [
            0.9291676607404054,
            0.7333953065074305
        ],
        "crimes": [
            0.08597069206959583,
            0.6410863767674573
        ],
        "crashes": [
            0.887220899904929,
            2.7577768368910234
        ]
    },
    "context_chicago_traffic": {
        "traffic": [
            1.1927042386646434,
            0.7071647720168338
        ],
        "crimes": [
            2.3837676957875016,
            7.7645816199235025
        ],
        "crashes": [
            0.3197042746962504,
            1.8530149584368185
        ]
    },
    "context_chicago_mcrimes": {
        "traffic": [
            1.4091040360618845,
            1.0699419062243376
        ],
        "crimes": [
            0.8796368476106047,
            2.9605326388254696
        ],
        "crashes": [
            0.08930558105189411,
            0.6321833341204276
        ]
    },
    "context_chicago_crashes": {
        "traffic": [
            1.9329105794652237,
            1.431960116133707
        ],
        "crimes": [
            1.084412109390618,
            3.75884716287787
        ],
        "crashes": [
            0.07799510747469843,
            0.5749566961590323
        ]
    },
    "context_chicago_crimes": {
        "traffic": [
            1.9488075608091677,
            1.4333649375015531
        ],
        "crimes": [
            0.7067386706232588,
            2.6076917077370094
        ],