{
    "context_chicago_same": {
        "crashes": {
            "std": 0.11985538130114788, 
            "mean": 0.009846513285280288
        }, 
        "total_count": 3034, 
        "crimes": {
            "std": 0.2570066427077676, 
            "mean": 0.05307798414358779
        }, 
        "success_count": 917, 
        "error_count": 2117, 
        "traffic": {
            "std": 0.21966505129874828, 
            "mean": 0.05853695477760503
        }
    }, 
    "route_chicago_crimes": {
        "duration": [
            262.945727482679, 
            184.22855649106148
        ], 
        "route_length": [
            1117.5790300230947, 
            533.2458968364232
        ], 
        "time_loss": [
            216.65860277136258, 
            171.74557376010782
        ]
    }, 
    "route_chicago_mcrimes": {
        "duration": [
            256.4233766233766, 
            167.409390888678
        ], 
        "route_length": [
            1118.9025252525253, 
            528.0598454396747
        ], 
        "time_loss": [
            210.2442251082251, 
            155.17791143072287
        ]
    }, 
    "context_austin_same": {
        "crashes": {
            "std": 0.12668636719501192, 
            "mean": 0.030052281305488305
        }, 
        "total_count": 6362, 
        "crimes": {
            "std": 0.1520683363560185, 
            "mean": 0.013148131489445491
        }, 
        "success_count": 1990, 
        "error_count": 4372, 
        "traffic": {
            "std": 0.20905439595513906, 
            "mean": 0.05086249826561882
        }
    }, 
    "context_chicago_mcrimes": {
        "crashes": {
            "std": 0.11667937955968449, 
            "mean": 0.009328275743949746
        }, 
        "total_count": 3038, 
        "crimes": {
            "std": 0.250432515758395, 
            "mean": 0.050284406030767385
        }, 
        "success_count": 924, 
        "error_count": 2114, 
        "traffic": {
            "std": 0.21420588079758637, 
            "mean": 0.05547972258228411
        }
    }, 
    "context_austin_crashes": {
        "crashes": {
            "std": 0.1327922267889997, 
            "mean": 0.033215679337644965
        }, 
        "total_count": 5722, 
        "crimes": {
            "std": 0.15980880290762164, 
            "mean": 0.014532145330439753
        }, 
        "success_count": 4185, 
        "error_count": 1537, 
        "traffic": {
            "std": 0.20953734594321147, 
            "mean": 0.05128587565289414
        }
    }, 
    "route_austin_mtraffic": {
        "duration": [
            430.02008368200836, 
            440.3249049416214
        ], 
        "route_length": [
            1309.8966917712694, 
            754.1541490335255
        ], 
        "time_loss": [
            357.74833472803357, 
            421.8073602739755
        ]
    }, 
    "route_chicago_crashes": {
        "duration": [
            268.00057736720555, 
            202.67349081607657
        ], 
        "route_length": [
            1117.0705571593535, 
            531.2048661110776
        ], 
        "time_loss": [
            221.70741050808314, 
            191.25263091525565
        ]
    }, 
    "context_chicago_mcrashes": {
        "crashes": {
            "std": 0.11985538130114788, 
            "mean": 0.009846513285280288
        }, 
        "total_count": 3034, 
        "crimes": {
            "std": 0.2570066427077676, 
            "mean": 0.05307798414358779
        }, 
        "success_count": 909, 
        "error_count": 2125, 
        "traffic": {
            "std": 0.21892840516554138, 
            "mean": 0.05821555641046715
        }
    }, 
    "route_austin_crashes": {
        "duration": [
            448.6663877266388, 
            469.1530435184238
        ], 
        "route_length": [
            1249.2404797768477, 
            652.3762889172287
        ], 
        "time_loss": [
            379.76407252440725, 
            454.2117810095305
        ]
    }, 
    "route_austin_crimes": {
        "duration": [
            457.57645089285717, 
            480.81944012176854
        ], 
        "route_length": [
            1241.3690401785714, 
            635.7321458039617
        ], 
        "time_loss": [
            388.96173270089287, 
            466.1771633823847
        ]
    }, 
    "context_austin_mcrimes": {
        "crashes": {
            "std": 0.1296321433330117, 
            "mean": 0.03155489537076272
        }, 
        "total_count": 5784, 
        "crimes": {
            "std": 0.1557945506643419, 
            "mean": 0.013805538063917766
        }, 
        "success_count": 1870, 
        "error_count": 3914, 
        "traffic": {
            "std": 0.2070604616910913, 
            "mean": 0.050216353773996705
        }
    }, 
    "context_austin_mtraffic": {
        "crashes": {
            "std": 0.1296321433330117, 
            "mean": 0.03155489537076272
        }, 
        "total_count": 5379, 
        "crimes": {
            "std": 0.1557945506643419, 
            "mean": 0.013805538063917766
        }, 
        "success_count": 1752, 
        "error_count": 3627, 
        "traffic": {
            "std": 0.2025426834097725, 
            "mean": 0.04801622501275216
        }
    }, 
    "route_austin_traffic": {
        "duration": [
            484.9299469718113, 
            533.8439264636525
        ], 
        "route_length": [
            1313.2886240580522, 
            756.0361000120557
        ], 
        "time_loss": [
            411.4550460507955, 
            513.650466733228
        ]
    }, 
    "route_chicago_traffic": {
        "duration": [
            259.4779220779221, 
            167.78676132494218
        ], 
        "route_length": [
            1120.376098124098, 
            530.0122388286717
        ], 
        "time_loss": [
            213.2250533910534, 
            155.17150348780302
        ]
    }, 
    "context_chicago_crimes": {
        "crashes": {
            "std": 0.11374316255629674, 
            "mean": 0.00886186195675226
        }, 
        "total_count": 3153, 
        "crimes": {
            "std": 0.24433732312602902, 
            "mean": 0.04777018572922901
        }, 
        "success_count": 1747, 
        "error_count": 1406, 
        "traffic": {
            "std": 0.21096069967722755, 
            "mean": 0.05366105221468214
        }
    }, 
    "route_chicago_same": {
        "duration": [
            256.417316017316, 
            166.00262568642574
        ], 
        "route_length": [
            1119.7005743145742, 
            528.5940833732874
        ], 
        "time_loss": [
            210.18838383838383, 
            153.66235037814965
        ]
    }, 
    "route_austin_same": {
        "duration": [
            501.6042422550935, 
            537.5751005996116
        ], 
        "route_length": [
            1301.9191180574937, 
            731.4561506992101
        ], 
        "time_loss": [
            429.31982137873297, 
            519.0024464158896
        ]
    }, 
    "context_austin_crimes": {
        "crashes": {
            "std": 0.1327922267889997, 
            "mean": 0.033215679337644965
        }, 
        "total_count": 5803, 
        "crimes": {
            "std": 0.15980880290762164, 
            "mean": 0.014532145330439753
        }, 
        "success_count": 4214, 
        "error_count": 1589, 
        "traffic": {
            "std": 0.21227681231823906, 
            "mean": 0.05284958455503277
        }
    }, 
    "route_austin_mcrimes": {
        "duration": [
            458.75167410714283, 
            461.6644591268187
        ], 
        "route_length": [
            1311.3133677455355, 
            754.7894757638335
        ], 
        "time_loss": [
            386.0292606026786, 
            441.90826392619874
        ]
    },