{
    "route_austin_traffic": {
        "duration": [
            418.8301965377516,
            385.8710554028594
        ],
        "route_length": [
            1783.199810123117,
            1350.3956521289538
        ],
        "time_loss": [
            283.6014725291498,
            282.8652289794647
        ]
    },
    "route_austin_mcrimes": {
        "duration": [
            384.6101922303091,
            339.0258521209345
        ],
        "route_length": [
            1701.973170413812,
            1257.5160166723615
        ],
        "time_loss": [
            257.2360101106479,
            245.36288756801991
        ]
    },
    "route_austin_crashes": {
        "duration": [
            263.5537071780756,
            172.8388601788394
        ],
        "route_length": [
            1256.4839171687815,
            636.4900048546612
        ],
        "time_loss": [
            182.99523072108968,
            148.56205068854143
        ]
    },
    "route_austin_crimes": {
        "duration": [
            264.8409486427936,
            177.29126957030405
        ],
        "route_length": [
            1244.4251538593708,
            618.9032763509861
        ],
        "time_loss": [
            184.95124734114097,
            155.18251662225842
        ]
    },
    "route_austin_mcrashes": {
        "duration": [
            384.5978432235843,
            339.8454846382846
        ],
        "route_length": [
            1705.9045676230726,
            1265.4765504459292
        ],
        "time_loss": [
            257.4950995301641,
            246.54980178323953
        ]
    },
    "route_austin_mtraffic": {
        "duration": [
            387.32077508705805,
            340.7094624305124
        ],
        "route_length": [
            1707.5972412340568,
            1260.3211383805117
        ],
        "time_loss": [
            259.25380460562116,
            246.77963506751016
        ]
    },
    "route_austin_same": {
        "duration": [
            382.6615214142883,
            336.0431755626761
        ],
        "route_length": [
            1702.9124064430955,
            1257.9899269507562
        ],
        "time_loss": [
            255.5113040907393,
            242.800435763727
        ]
    },
    "route_chicago_traffic": {
        "duration": [
            701.1480812433695,
            712.1208118214316
        ],
        "route_length": [
            1970.5925094538707,
            1540.7070499218353
        ],
        "time_loss": [
            552.9399310200138,
            587.181300711005
        ]
    },
    "route_chicago_mcrimes": {
        "duration": [
            678.0913562475104,
            687.9059818658202
        ],
        "route_length": [
            1923.3950011113027,
            1505.6520521728105
        ],
        "time_loss": [
            534.3857320235585,
            568.0103582853743
        ]
    },
    "route_chicago_crashes": {
        "duration": [
            290.59861230147203,
            173.84670780189077
        ],
        "route_length": [
            1214.6180242132048,
            596.4280395562281
        ],
        "time_loss": [
            215.07788653702204,
            144.64821189436432
        ]
    },
    "route_chicago_crimes": {
        "duration": [
            300.54641623469644,
            190.92506618886634
        ],
        "route_length": [
            1239.6626978349873,
            628.2479322517512
        ],
        "time_loss": [
            223.30587037097595,
            160.87809717312967
        ]
    },
    "route_chicago_mcrashes": {
        "duration": [
            676.1318578734838,
            684.9479265134814
        ],
        "route_length": [
            1929.2264839530112,
            1508.1091460300297
        ],
        "time_loss": [
            531.6088829512946,
            563.5302934309304
        ]
    },
    "route_chicago_mtraffic": {
        "duration": [
            677.1641474327826,
            685.9750845205355
        ],
        "route_length": [
            1927.0262275503037,
            1504.837829086547
        ],
        "time_loss": [
            532.9078209723991,
            565.474946194452
        ]
    },
    "route_chicago_same": {
        "duration": [
            674.1809110573564,
            680.4688387072299
        ],
        "route_length": [
            1924.8922232448094,
            1499.1085110328777
        ],
        "time_loss": [
            529.7312125370594,
            559.3182338482056
        ]
    },
    "context_austin_traffic": {
        "traffic": [
            0.8460311302669314,
            0.5811965289259279
        ],
        "crimes": [
            0.4488321404910004,
            2.4994266639970304
        ],
        "crashes": [
            1.8349086322826327,
            5.921903166485288
        ]
    },
    "context_austin_mcrimes": {
        "traffic": [
            0.9424798115149011,
            0.7543286715171676
        ],
        "crimes": [
            0.08542976406399333,
            0.6369362126562781
        ],
        "crashes": [
            0.8979660773560297,
            2.7726550364114404
        ]
    },
    "context_austin_crashes": {
        "traffic": [
            1.814025962649039,
            1.412772690641191
        ],
        "crimes": [
            0.25097378457518943,
            1.496512483363571
        ],
        "crashes": [
            0.6411132037679307,
            2.1866814803151184
        ]
    },
    "context_austin_crimes": {
        "traffic": [
            1.8397744129835782,
            1.4307721132943818
        ],
        "crimes": [
            0.11153878813626418,
            0.7215930523010778
        ],
        "crashes": [
            0.7727487681979925,
            2.603394783633641
        ]
    },
    "context_austin_mcrashes": {
        "traffic": [
            0.9665064449355388,
            0.8141012578798712
        ],
        "crimes": [
            0.08555782170451784,
            0.6394460182326703
        ],
        "crashes": [
            0.8584253910895197,
            2.671954300727665
        ]
    },
    "context_austin_mtraffic": {
        "traffic": [
            0.9066599744469853,
            0.6873213546670432
        ],
        "crimes": [
            0.08609024055741706,
            0.646179850005632
        ],
        "crashes": [
            0.9494782023297833,
            2.946027326912585
        ]
    },
    "context_austin_same": {
        "traffic": [
            0.9291676607404054,
            0.7333953065074305
        ],
        "crimes": [
            0.08597069206959583,
            0.6410863767674573
        ],
        "crashes": [
            0.887220899904929,
            2.7577768368910234
        ]
    },
    "context_chicago_traffic": {
        "traffic": [
            1.1927042386646434,
            0.7071647720168338
        ],
        "crimes": [
            2.3837676957875016,
            7.7645816199235025
        ],
        "crashes": [
            0.3197042746962504,
            1.8530149584368185
        ]
    },
    "context_chicago_mcrimes": {
        "traffic": [
            1.4091040360618845,
            1.0699419062243376
        ],
        "crimes": [
            0.8796368476106047,
            2.9605326388254696
        ],
        "crashes": [
            0.08930558105189411,
            0.6321833341204276
        ]
    },
    "context_chicago_crashes": {
        "traffic": [
            1.9329105794652237,
            1.431960116133707
        ],
        "crimes": [
            1.084412109390618,
            3.75884716287787
        ],
        "crashes": [
            0.07799510747469843,
            0.5749566961590323
        ]
    },
    "context_chicago_crimes": {
        "traffic": [
            1.9488075608091677,
            1.4333649375015531
        ],
        "crimes": [
            0.7067386706232588,
            2.6076917077370094
        ],