{
    "crashes": {
        "std": 2.7969330288731555, 
        "mean": 0.918565527153976
    }, 
    "total_count": 4469, 
    "crimes": {
        "std": 0.7604876524990191, 
        "mean": 0.10551854046453543
    }, 
    "traffic": {
        "std": 0.7668767947469884, 
        "mean": 0.9229404787574922
    }, 
    "error_count": 0, 
    "success_count": 4469
}