{
    "crashes": {
        "std": 2.94847887268265, 
        "mean": 0.993139324786736
    }, 
    "total_count": 4904, 
    "crimes": {
        "std": 0.49950821467678225, 
        "mean": 0.0600257709345841
    }, 
    "traffic": {
        "std": 0.7061660223674177, 
        "mean": 0.9565861177434539
    }, 
    "error_count": 0, 
    "success_count": 4904
}