{
    "crashes": {
        "std": 2.6746832208619673, 
        "mean": 0.8529498401951718
    }, 
    "total_count": 4097, 
    "crimes": {
        "std": 0.8097240175095961, 
        "mean": 0.11608476314237427
    }, 
    "traffic": {
        "std": 0.6926106402591131, 
        "mean": 0.840852509566926
    }, 
    "error_count": 0, 
    "success_count": 4097
}