{
    "crashes": {
        "std": 3.0718826448198784, 
        "mean": 1.0046252532645348
    }, 
    "total_count": 4956, 
    "crimes": {
        "std": 0.5769664053950826, 
        "mean": 0.07184903761872358
    }, 
    "traffic": {
        "std": 0.6951317828159133, 
        "mean": 0.9676310646353415
    }, 
    "error_count": 0, 
    "success_count": 4956
}