{
    "crashes": {
        "std": 2.9807106078785615, 
        "mean": 0.9702312043147129
    }, 
    "total_count": 5072, 
    "crimes": {
        "std": 0.6110952782027623, 
        "mean": 0.08645183762569167
    }, 
    "traffic": {
        "std": 0.6981895737026348, 
        "mean": 0.9357857805058319
    }, 
    "error_count": 0, 
    "success_count": 5072
}