{
    "crashes": {
        "std": 3.261152461008051, 
        "mean": 1.1146784878985567
    }, 
    "total_count": 4607, 
    "crimes": {
        "std": 0.6027670083092236, 
        "mean": 0.08112720160428029
    }, 
    "traffic": {
        "std": 0.7759459577938976, 
        "mean": 0.9751293510404387
    }, 
    "error_count": 0, 
    "success_count": 4607
}