{
    "crashes": {
        "std": 3.2165831952427077, 
        "mean": 1.0194415176042435
    }, 
    "total_count": 4846, 
    "crimes": {
        "std": 0.7009207544697742, 
        "mean": 0.09472575819746473
    }, 
    "traffic": {
        "std": 0.7173109928041004, 
        "mean": 0.9651488171859153
    }, 
    "error_count": 0, 
    "success_count": 4846
}