{
    "crashes": {
        "std": 2.8679370556633668, 
        "mean": 0.9073095635693992
    }, 
    "total_count": 4691, 
    "crimes": {
        "std": 0.6347587897971316, 
        "mean": 0.08083671493554385
    }, 
    "traffic": {
        "std": 0.6802943240887379, 
        "mean": 0.9156762556367853
    }, 
    "error_count": 0, 
    "success_count": 4691
}