{
    "crashes": {
        "std": 2.85673899713968, 
        "mean": 0.9184493775857809
    }, 
    "total_count": 4473, 
    "crimes": {
        "std": 0.7142811563064794, 
        "mean": 0.1011410193627994
    }, 
    "traffic": {
        "std": 0.6491537182394871, 
        "mean": 0.9308430281454732
    }, 
    "error_count": 0, 
    "success_count": 4473
}