{
    "crashes": {
        "std": 2.6823267391684413, 
        "mean": 0.8384802582344243
    }, 
    "total_count": 4241, 
    "crimes": {
        "std": 0.6614413063055872, 
        "mean": 0.09723748702290476
    }, 
    "traffic": {
        "std": 0.6383862445469483, 
        "mean": 0.8582408470809825
    }, 
    "error_count": 0, 
    "success_count": 4241
}