{
    "crashes": {
        "std": 2.926310190670689, 
        "mean": 0.9456633781924648
    }, 
    "total_count": 4023, 
    "crimes": {
        "std": 0.65172319283154, 
        "mean": 0.08336479492763153
    }, 
    "traffic": {
        "std": 0.6542475822472051, 
        "mean": 0.8439965958911338
    }, 
    "error_count": 0, 
    "success_count": 4023
}