{
    "crashes": {
        "std": 2.9403534240428337, 
        "mean": 0.8980513482189775
    }, 
    "total_count": 4268, 
    "crimes": {
        "std": 0.5581622738172891, 
        "mean": 0.06478144556002305
    }, 
    "traffic": {
        "std": 0.6068439189796841, 
        "mean": 0.8070212209123651
    }, 
    "error_count": 0, 
    "success_count": 4268
}