{
    "crashes": {
        "std": 3.0163373495090386, 
        "mean": 1.0215165330826113
    }, 
    "total_count": 4960, 
    "crimes": {
        "std": 0.6448977266826366, 
        "mean": 0.08561236060822212
    }, 
    "traffic": {
        "std": 0.6557029919065174, 
        "mean": 0.9279715890492366
    }, 
    "error_count": 0, 
    "success_count": 4960
}