{
    "crashes": {
        "std": 2.8978128073647644, 
        "mean": 0.9385498872555836
    }, 
    "total_count": 4945, 
    "crimes": {
        "std": 0.6606918398285587, 
        "mean": 0.09243988993002238
    }, 
    "traffic": {
        "std": 0.7619393767045086, 
        "mean": 0.9574252593298832
    }, 
    "error_count": 0, 
    "success_count": 4945
}