{
    "crashes": {
        "std": 2.637844755771022, 
        "mean": 0.8539392601841701
    }, 
    "total_count": 4876, 
    "crimes": {
        "std": 0.5991377418494839, 
        "mean": 0.07681091845594346
    }, 
    "traffic": {
        "std": 0.720799810429274, 
        "mean": 0.9591746334850951
    }, 
    "error_count": 0, 
    "success_count": 4876
}