{
    "crashes": {
        "std": 2.800279770442947, 
        "mean": 0.8515368247307412
    }, 
    "total_count": 4586, 
    "crimes": {
        "std": 0.6972134928960734, 
        "mean": 0.09378901121866866
    }, 
    "traffic": {
        "std": 0.6236881688930829, 
        "mean": 0.8898091087086959
    }, 
    "error_count": 0, 
    "success_count": 4586
}