{
    "crashes": {
        "std": 3.1370956065493116, 
        "mean": 0.9635589419994176
    }, 
    "total_count": 4350, 
    "crimes": {
        "std": 0.6616049325957947, 
        "mean": 0.09320634619745935
    }, 
    "traffic": {
        "std": 0.6165896772118594, 
        "mean": 0.8417727725431238
    }, 
    "error_count": 0, 
    "success_count": 4350
}