{
    "crashes": {
        "std": 2.93580787798141, 
        "mean": 0.9431895674683513
    }, 
    "total_count": 4713, 
    "crimes": {
        "std": 0.5977184209051161, 
        "mean": 0.07972215222311582
    }, 
    "traffic": {
        "std": 0.6774980788243633, 
        "mean": 0.9527135475225564
    }, 
    "error_count": 0, 
    "success_count": 4713
}