{
    "crashes": {
        "std": 3.075526772016073, 
        "mean": 1.0025506373384114
    }, 
    "total_count": 4227, 
    "crimes": {
        "std": 0.6188328488271366, 
        "mean": 0.07397221182369117
    }, 
    "traffic": {
        "std": 0.6441055985804292, 
        "mean": 0.834025447420281
    }, 
    "error_count": 0, 
    "success_count": 4227
}