{
    "crashes": {
        "std": 3.1734553198604694, 
        "mean": 1.0294807629895546
    }, 
    "total_count": 4641, 
    "crimes": {
        "std": 0.6273417121144251, 
        "mean": 0.08598415440759803
    }, 
    "traffic": {
        "std": 0.7258931456032791, 
        "mean": 0.9577966698270485
    }, 
    "error_count": 0, 
    "success_count": 4641
}