{
    "crashes": {
        "std": 3.247642611139889, 
        "mean": 1.129897908213732
    }, 
    "total_count": 4871, 
    "crimes": {
        "std": 0.5231038089592284, 
        "mean": 0.062090275232310484
    }, 
    "traffic": {
        "std": 0.7993790695894899, 
        "mean": 1.0118749667757245
    }, 
    "error_count": 0, 
    "success_count": 4871
}