{
    "crashes": {
        "std": 3.053110000968829, 
        "mean": 0.9942223502937308
    }, 
    "total_count": 4578, 
    "crimes": {
        "std": 0.6182647148760566, 
        "mean": 0.08368053010509656
    }, 
    "traffic": {
        "std": 0.7065430743300604, 
        "mean": 0.8958892255690807
    }, 
    "error_count": 0, 
    "success_count": 4578
}