{
    "crashes": {
        "std": 3.020789820317595, 
        "mean": 0.9709949669126064
    }, 
    "total_count": 5076, 
    "crimes": {
        "std": 0.6893763729764013, 
        "mean": 0.08704987944618267
    }, 
    "traffic": {
        "std": 0.6853397904903289, 
        "mean": 0.9254756658704059
    }, 
    "error_count": 0, 
    "success_count": 5076
}