{
    "crashes": {
        "std": 3.2128608801798233, 
        "mean": 1.1145415427234793
    }, 
    "total_count": 4862, 
    "crimes": {
        "std": 0.5935054646158038, 
        "mean": 0.07525414501164598
    }, 
    "traffic": {
        "std": 0.7519083127949286, 
        "mean": 0.9509875716187273
    }, 
    "error_count": 0, 
    "success_count": 4862
}