{
    "crashes": {
        "std": 3.2001975999312036, 
        "mean": 1.0775308963023011
    }, 
    "total_count": 4696, 
    "crimes": {
        "std": 0.6757708868662652, 
        "mean": 0.08584597611353116
    }, 
    "traffic": {
        "std": 0.804587860405106, 
        "mean": 0.9707465070424752
    }, 
    "error_count": 0, 
    "success_count": 4696
}