{
    "crashes": {
        "std": 2.5145867758829374, 
        "mean": 0.76184684182876
    }, 
    "total_count": 4011, 
    "crimes": {
        "std": 0.6669316193305941, 
        "mean": 0.08806545060063503
    }, 
    "traffic": {
        "std": 0.564678298286806, 
        "mean": 0.7706655997425601
    }, 
    "error_count": 0, 
    "success_count": 4011
}