{
    "crashes": {
        "std": 2.737408268497802, 
        "mean": 0.8453471487016861
    }, 
    "total_count": 4290, 
    "crimes": {
        "std": 0.6999084294191307, 
        "mean": 0.101793179492419
    }, 
    "traffic": {
        "std": 0.6629266999237503, 
        "mean": 0.8871846079971304
    }, 
    "error_count": 0, 
    "success_count": 4290
}