{
    "crashes": {
        "std": 2.9673079821226422, 
        "mean": 0.9393487277858212
    }, 
    "total_count": 4302, 
    "crimes": {
        "std": 0.7802111616634847, 
        "mean": 0.11472436719309308
    }, 
    "traffic": {
        "std": 0.6874496364314681, 
        "mean": 0.8697000049942996
    }, 
    "error_count": 0, 
    "success_count": 4302
}