{
    "crashes": {
        "std": 2.7163746843307996, 
        "mean": 0.8121813662283707
    }, 
    "total_count": 4281, 
    "crimes": {
        "std": 0.5956544981959908, 
        "mean": 0.07912233701233164
    }, 
    "traffic": {
        "std": 0.6090549116565191, 
        "mean": 0.8212756710322122
    }, 
    "error_count": 0, 
    "success_count": 4281
}