{
    "crashes": {
        "std": 2.8413079130218857, 
        "mean": 0.8940054324517528
    }, 
    "total_count": 4442, 
    "crimes": {
        "std": 0.6238783624903865, 
        "mean": 0.08098601149612598
    }, 
    "traffic": {
        "std": 0.7405867651290057, 
        "mean": 0.9199882875561556
    }, 
    "error_count": 0, 
    "success_count": 4442
}