{
    "crashes": {
        "std": 3.2005612606075955, 
        "mean": 1.0671911425717666
    }, 
    "total_count": 5228, 
    "crimes": {
        "std": 0.6630092211916946, 
        "mean": 0.07716484960087004
    }, 
    "traffic": {
        "std": 0.7001267681529112, 
        "mean": 0.9221159232967286
    }, 
    "error_count": 0, 
    "success_count": 5228
}