{
    "crashes": {
        "std": 2.8799329438900365, 
        "mean": 0.8986531322650375
    }, 
    "total_count": 4331, 
    "crimes": {
        "std": 0.640341552903513, 
        "mean": 0.08730355775494858
    }, 
    "traffic": {
        "std": 0.6298140621034835, 
        "mean": 0.8546376618599207
    }, 
    "error_count": 0, 
    "success_count": 4331
}