{
    "crashes": {
        "std": 2.7285703496772475, 
        "mean": 0.8411117245359865
    }, 
    "total_count": 4440, 
    "crimes": {
        "std": 0.664704190877812, 
        "mean": 0.09321596307429528
    }, 
    "traffic": {
        "std": 0.6318350539731267, 
        "mean": 0.8786963684070319
    }, 
    "error_count": 0, 
    "success_count": 4440
}