{
    "crashes": {
        "std": 0.1296321433330117, 
        "mean": 0.03155489537076272
    }, 
    "total_count": 5379, 
    "crimes": {
        "std": 0.1557945506643419, 
        "mean": 0.013805538063917766
    }, 
    "traffic": {
        "std": 0.2025426834097725, 
        "mean": 0.04801622501275216
    }, 
    "error_count": 3627, 
    "success_count": 1752
}