{
    "crashes": {
        "std": 2.7348197091713287, 
        "mean": 0.4878951562895485
    }, 
    "total_count": 8269, 
    "crimes": {
        "std": 6.507012417379959, 
        "mean": 2.1511004279841046
    }, 
    "traffic": {
        "std": 0.7080260774834122, 
        "mean": 1.2088236888422725
    }, 
    "error_count": 0, 
    "success_count": 8269
}