{
    "crashes": {
        "std": 1.7220722554767476, 
        "mean": 0.2537591608152764
    }, 
    "total_count": 8674, 
    "crimes": {
        "std": 7.28468186602491, 
        "mean": 2.425484878806178
    }, 
    "traffic": {
        "std": 0.7035903692211075, 
        "mean": 1.174459892969335
    }, 
    "error_count": 0, 
    "success_count": 8674
}