{
    "crashes": {
        "std": 1.9555000203379016, 
        "mean": 0.3805903206492328
    }, 
    "total_count": 7857, 
    "crimes": {
        "std": 7.438991215590612, 
        "mean": 2.2194410446557633
    }, 
    "traffic": {
        "std": 0.6441308425316836, 
        "mean": 1.0992260403006733
    }, 
    "error_count": 0, 
    "success_count": 7857
}