{
    "crashes": {
        "std": 2.277457523671108, 
        "mean": 0.3630971880185819
    }, 
    "total_count": 7106, 
    "crimes": {
        "std": 7.857849452523211, 
        "mean": 2.276637598973532
    }, 
    "traffic": {
        "std": 0.6365726914386224, 
        "mean": 1.0798711530060563
    }, 
    "error_count": 0, 
    "success_count": 7106
}