{
    "crashes": {
        "std": 2.358344306555744, 
        "mean": 0.42820932551444285
    }, 
    "total_count": 8428, 
    "crimes": {
        "std": 9.066140742346041, 
        "mean": 2.685356193700061
    }, 
    "traffic": {
        "std": 0.6646152049311462, 
        "mean": 1.1335510020349766
    }, 
    "error_count": 0, 
    "success_count": 8428
}