{
    "crashes": {
        "std": 1.381141104635517, 
        "mean": 0.1895834687845247
    }, 
    "total_count": 8368, 
    "crimes": {
        "std": 10.059300873205272, 
        "mean": 3.0248233719498265
    }, 
    "traffic": {
        "std": 0.6779133528412242, 
        "mean": 1.1428977270023128
    }, 
    "error_count": 0, 
    "success_count": 8368
}