{
    "crashes": {
        "std": 1.9139955261939747, 
        "mean": 0.37100214791842334
    }, 
    "total_count": 9495, 
    "crimes": {
        "std": 7.356053848159961, 
        "mean": 2.1441384634869527
    }, 
    "traffic": {
        "std": 0.7614860122051138, 
        "mean": 1.288035367357117
    }, 
    "error_count": 0, 
    "success_count": 9495
}