{
    "crashes": {
        "std": 1.9188556294019297, 
        "mean": 0.3385361706650649
    }, 
    "total_count": 10036, 
    "crimes": {
        "std": 7.234994740260076, 
        "mean": 2.2795386628284446
    }, 
    "traffic": {
        "std": 0.775313594777797, 
        "mean": 1.2713462062544207
    }, 
    "error_count": 0, 
    "success_count": 10036
}