{
    "crashes": {
        "std": 1.9253140503878403, 
        "mean": 0.2819499051046697
    }, 
    "total_count": 9377, 
    "crimes": {
        "std": 7.655664467765275, 
        "mean": 2.4528746831703003
    }, 
    "traffic": {
        "std": 0.7105052347740226, 
        "mean": 1.222248251118602
    }, 
    "error_count": 0, 
    "success_count": 9377
}