{
    "crashes": {
        "std": 1.10987153110726, 
        "mean": 0.1828871720284213
    }, 
    "total_count": 8680, 
    "crimes": {
        "std": 9.067189972619019, 
        "mean": 3.031388567953817
    }, 
    "traffic": {
        "std": 0.6795894558719453, 
        "mean": 1.143371632467753
    }, 
    "error_count": 0, 
    "success_count": 8680
}