{
    "crashes": {
        "std": 2.0548978986172797, 
        "mean": 0.3867090343621478
    }, 
    "total_count": 8935, 
    "crimes": {
        "std": 5.663973720237833, 
        "mean": 1.8913454766916773
    }, 
    "traffic": {
        "std": 0.7786363828717069, 
        "mean": 1.253224040200767
    }, 
    "error_count": 0, 
    "success_count": 8935
}