{
    "crashes": {
        "std": 1.7553108587375887, 
        "mean": 0.3202873719309242
    }, 
    "total_count": 8822, 
    "crimes": {
        "std": 7.424473339026944, 
        "mean": 2.2589763312295013
    }, 
    "traffic": {
        "std": 0.715430278897138, 
        "mean": 1.198449477746589
    }, 
    "error_count": 0, 
    "success_count": 8822
}