{
    "crashes": {
        "std": 0.897461660185204, 
        "mean": 0.13527313926585394
    }, 
    "total_count": 7984, 
    "crimes": {
        "std": 7.138152093454284, 
        "mean": 2.1742625109252716
    }, 
    "traffic": {
        "std": 0.643282515061887, 
        "mean": 1.084183727574311
    }, 
    "error_count": 0, 
    "success_count": 7984
}