{
    "crashes": {
        "std": 1.3729093921580855, 
        "mean": 0.21123414514187908
    }, 
    "total_count": 10634, 
    "crimes": {
        "std": 7.676911056009295, 
        "mean": 2.269064732516281
    }, 
    "traffic": {
        "std": 0.7630517131182665, 
        "mean": 1.2631809108914194
    }, 
    "error_count": 0, 
    "success_count": 10634
}