{
    "crashes": {
        "std": 2.183030312679087, 
        "mean": 0.3721779843457649
    }, 
    "total_count": 9049, 
    "crimes": {
        "std": 9.426306569111008, 
        "mean": 2.769662151288418
    }, 
    "traffic": {
        "std": 0.6674441326770896, 
        "mean": 1.1507468790686495
    }, 
    "error_count": 0, 
    "success_count": 9049
}