{
    "crashes": {
        "std": 2.8219690626499805, 
        "mean": 0.5148165548870919
    }, 
    "total_count": 10691, 
    "crimes": {
        "std": 5.991847657114828, 
        "mean": 1.8234377925181384
    }, 
    "traffic": {
        "std": 0.7873592526128438, 
        "mean": 1.3064531961320112
    }, 
    "error_count": 0, 
    "success_count": 10691
}