{
    "crashes": {
        "std": 1.8592969897101936, 
        "mean": 0.30963329463741257
    }, 
    "total_count": 8145, 
    "crimes": {
        "std": 8.054241316804633, 
        "mean": 2.5375232111270964
    }, 
    "traffic": {
        "std": 0.6331122884445403, 
        "mean": 1.1293129549142928
    }, 
    "error_count": 0, 
    "success_count": 8145
}