{
    "crashes": {
        "std": 2.48852593336144, 
        "mean": 0.5080935538459671
    }, 
    "total_count": 9056, 
    "crimes": {
        "std": 6.623599068688573, 
        "mean": 1.894035536631116
    }, 
    "traffic": {
        "std": 0.7985369061983163, 
        "mean": 1.31262467810363
    }, 
    "error_count": 0, 
    "success_count": 9056
}