{
    "crashes": {
        "std": 2.227249914989352, 
        "mean": 0.3862825733298855
    }, 
    "total_count": 11026, 
    "crimes": {
        "std": 7.267608527807683, 
        "mean": 2.2241395146346514
    }, 
    "traffic": {
        "std": 0.7782234636828862, 
        "mean": 1.3260990925520577
    }, 
    "error_count": 0, 
    "success_count": 11026
}