{
    "crashes": {
        "std": 1.5351758533466693, 
        "mean": 0.203632675581496
    }, 
    "total_count": 7766, 
    "crimes": {
        "std": 7.794125098300575, 
        "mean": 2.3358233888572717
    }, 
    "traffic": {
        "std": 0.7359908277237083, 
        "mean": 1.2277276723205617
    }, 
    "error_count": 0, 
    "success_count": 7766
}