{
    "crashes": {
        "std": 2.066061301552217, 
        "mean": 0.3436852958461592
    }, 
    "total_count": 8961, 
    "crimes": {
        "std": 8.914814398772414, 
        "mean": 2.6758326783197313
    }, 
    "traffic": {
        "std": 0.7147145789426793, 
        "mean": 1.1909826875655167
    }, 
    "error_count": 0, 
    "success_count": 8961
}