{
    "crashes": {
        "std": 1.7913202038437728, 
        "mean": 0.2741990390912947
    }, 
    "total_count": 8159, 
    "crimes": {
        "std": 6.633874927929846, 
        "mean": 1.9642385590382525
    }, 
    "traffic": {
        "std": 0.6906982718611161, 
        "mean": 1.1388373512881482
    }, 
    "error_count": 0, 
    "success_count": 8159
}