{
    "crashes": {
        "std": 2.1056589720446035, 
        "mean": 0.4071101794376066
    }, 
    "total_count": 9103, 
    "crimes": {
        "std": 6.663530135123535, 
        "mean": 2.173473675426524
    }, 
    "traffic": {
        "std": 0.661704916670742, 
        "mean": 1.184297137711517
    }, 
    "error_count": 0, 
    "success_count": 9103
}