{
    "crashes": {
        "std": 1.1233437333435317, 
        "mean": 0.1585759253638415
    }, 
    "total_count": 8369, 
    "crimes": {
        "std": 8.245621496172511, 
        "mean": 2.3596178451845273
    }, 
    "traffic": {
        "std": 0.7382074785481114, 
        "mean": 1.192715297445203
    }, 
    "error_count": 0, 
    "success_count": 8369
}