{
    "crashes": {
        "std": 1.484766381539528, 
        "mean": 0.2398913063525599
    }, 
    "total_count": 9112, 
    "crimes": {
        "std": 8.586904966987086, 
        "mean": 2.4917785468470446
    }, 
    "traffic": {
        "std": 0.7570248005724162, 
        "mean": 1.2731185732077916
    }, 
    "error_count": 0, 
    "success_count": 9112
}