{
    "crashes": {
        "std": 0.8855966193066768, 
        "mean": 0.14048993181541045
    }, 
    "total_count": 8854, 
    "crimes": {
        "std": 8.66296309962323, 
        "mean": 2.5233430923175235
    }, 
    "traffic": {
        "std": 0.7160663230116369, 
        "mean": 1.1827190012742723
    }, 
    "error_count": 0, 
    "success_count": 8854
}