{
    "crashes": {
        "std": 1.7956483015871432, 
        "mean": 0.319129183481898
    }, 
    "total_count": 7734, 
    "crimes": {
        "std": 7.9043409423957485, 
        "mean": 2.554960388093346
    }, 
    "traffic": {
        "std": 0.6370189812505379, 
        "mean": 1.0964715639198326
    }, 
    "error_count": 0, 
    "success_count": 7734
}