{
    "crashes": {
        "std": 2.1701103758593954, 
        "mean": 0.37318617756980665
    }, 
    "total_count": 6862, 
    "crimes": {
        "std": 6.489307666234757, 
        "mean": 2.113085395611799
    }, 
    "traffic": {
        "std": 0.6626646508463443, 
        "mean": 1.1210476316172386
    }, 
    "error_count": 0, 
    "success_count": 6862
}