{
    "crashes": {
        "std": 1.2922684427267384, 
        "mean": 0.21434237152017574
    }, 
    "total_count": 8864, 
    "crimes": {
        "std": 6.846765219109614, 
        "mean": 2.364730472138214
    }, 
    "traffic": {
        "std": 0.6656114950929692, 
        "mean": 1.1370763227499776
    }, 
    "error_count": 0, 
    "success_count": 8864
}