{
    "crashes": {
        "std": 2.0715455325032908, 
        "mean": 0.35193782019129055
    }, 
    "total_count": 8316, 
    "crimes": {
        "std": 8.597676652387493, 
        "mean": 2.5337520314785964
    }, 
    "traffic": {
        "std": 0.6422611844681901, 
        "mean": 1.1064751040232852
    }, 
    "error_count": 0, 
    "success_count": 8316
}