{
    "crashes": {
        "std": 2.779453901404976, 
        "mean": 0.5318258245181255
    }, 
    "total_count": 10234, 
    "crimes": {
        "std": 9.98158548101046, 
        "mean": 3.112011708077545
    }, 
    "traffic": {
        "std": 0.7051940158788677, 
        "mean": 1.1985242515794545
    }, 
    "error_count": 0, 
    "success_count": 10234
}