{
    "crashes": {
        "std": 1.0771866468788778, 
        "mean": 0.1921544698816407
    }, 
    "total_count": 10559, 
    "crimes": {
        "std": 9.39444662167087, 
        "mean": 2.8319732480823276
    }, 
    "traffic": {
        "std": 0.7124986701409995, 
        "mean": 1.2713076994775532
    }, 
    "error_count": 0, 
    "success_count": 10559
}