{
    "crashes": {
        "std": 2.013333682450035, 
        "mean": 0.3780631967898437
    }, 
    "total_count": 8013, 
    "crimes": {
        "std": 6.720243807627987, 
        "mean": 2.0964817804437206
    }, 
    "traffic": {
        "std": 0.7699615119064477, 
        "mean": 1.2498336632156333
    }, 
    "error_count": 0, 
    "success_count": 8013
}