{
    "crashes": {
        "std": 0.12330568583168948, 
        "mean": 0.010425719949120305
    }, 
    "total_count": 3062, 
    "crimes": {
        "std": 0.26412569031338223, 
        "mean": 0.056200218504975315
    }, 
    "traffic": {
        "std": 0.2269734236707576, 
        "mean": 0.06292124592596846
    }, 
    "error_count": 2164, 
    "success_count": 898
}