{
    "crashes": {
        "std": 0.6023117759098575, 
        "mean": 0.07992866731292872
    }, 
    "total_count": 8435, 
    "crimes": {
        "std": 3.140080408998293, 
        "mean": 0.92504662010696
    }, 
    "traffic": {
        "std": 0.8619737605357279, 
        "mean": 1.283309602852308
    }, 
    "error_count": 0, 
    "success_count": 8435
}