{
    "crashes": {
        "std": 0.6734578909829859, 
        "mean": 0.09328944845109977
    }, 
    "total_count": 7502, 
    "crimes": {
        "std": 3.0924351722744836, 
        "mean": 0.944323334042588
    }, 
    "traffic": {
        "std": 0.8133123874226591, 
        "mean": 1.2294444889534644
    }, 
    "error_count": 0, 
    "success_count": 7502
}