{
    "crashes": {
        "std": 0.5514417808450393, 
        "mean": 0.0806631216283128
    }, 
    "total_count": 7894, 
    "crimes": {
        "std": 3.3707362509627035, 
        "mean": 1.0518028984849024
    }, 
    "traffic": {
        "std": 0.9212678986792612, 
        "mean": 1.2866487522344365
    }, 
    "error_count": 0, 
    "success_count": 7894
}