{
    "crashes": {
        "std": 0.8187711761582798, 
        "mean": 0.11748342448994206
    }, 
    "total_count": 8481, 
    "crimes": {
        "std": 3.244527372087646, 
        "mean": 0.981820598878396
    }, 
    "traffic": {
        "std": 0.8374966985426405, 
        "mean": 1.271012759176001
    }, 
    "error_count": 0, 
    "success_count": 8481
}