{
    "crashes": {
        "std": 0.689870339005018, 
        "mean": 0.11523391691744005
    }, 
    "total_count": 8258, 
    "crimes": {
        "std": 3.2480099892995207, 
        "mean": 0.9813197409872515
    }, 
    "traffic": {
        "std": 0.9239004246701992, 
        "mean": 1.3538259270771296
    }, 
    "error_count": 0, 
    "success_count": 8258
}