{
    "crashes": {
        "std": 0.5294452668803128, 
        "mean": 0.07245592677533852
    }, 
    "total_count": 9275, 
    "crimes": {
        "std": 3.3014091087818973, 
        "mean": 1.0220745869240446
    }, 
    "traffic": {
        "std": 0.925278834888456, 
        "mean": 1.3573889856825079
    }, 
    "error_count": 0, 
    "success_count": 9275
}