{
    "crashes": {
        "std": 0.735449958675704, 
        "mean": 0.11276746053860556
    }, 
    "total_count": 9514, 
    "crimes": {
        "std": 3.0538725130958286, 
        "mean": 0.8956416966626195
    }, 
    "traffic": {
        "std": 0.8848263144757649, 
        "mean": 1.396308228442354
    }, 
    "error_count": 0, 
    "success_count": 9514
}