{
    "crashes": {
        "std": 0.7141282306171426, 
        "mean": 0.10280159725324166
    }, 
    "total_count": 9180, 
    "crimes": {
        "std": 3.303225726639701, 
        "mean": 0.9984848037726348
    }, 
    "traffic": {
        "std": 0.8884920557062608, 
        "mean": 1.313482366960123
    }, 
    "error_count": 0, 
    "success_count": 9180
}