{
    "crashes": {
        "std": 0.6222061567516304, 
        "mean": 0.08474177444808159
    }, 
    "total_count": 9020, 
    "crimes": {
        "std": 3.520993368566482, 
        "mean": 1.056659224019577
    }, 
    "traffic": {
        "std": 1.0790278450144264, 
        "mean": 1.383541124717821
    }, 
    "error_count": 0, 
    "success_count": 9020
}