{
    "crashes": {
        "std": 0.6157688669779389, 
        "mean": 0.08451027107910594
    }, 
    "total_count": 8505, 
    "crimes": {
        "std": 3.3390929758334553, 
        "mean": 0.9864862628728459
    }, 
    "traffic": {
        "std": 0.9381750265346963, 
        "mean": 1.367033014618227
    }, 
    "error_count": 0, 
    "success_count": 8505
}