{
    "crashes": {
        "std": 0.7101455198318951, 
        "mean": 0.10026067117558271
    }, 
    "total_count": 8707, 
    "crimes": {
        "std": 2.9350242155534354, 
        "mean": 0.875953286720123
    }, 
    "traffic": {
        "std": 0.8578744896842401, 
        "mean": 1.3541554073437485
    }, 
    "error_count": 0, 
    "success_count": 8707
}