{
    "crashes": {
        "std": 0.5570468576220383, 
        "mean": 0.0871031822464626
    }, 
    "total_count": 8727, 
    "crimes": {
        "std": 3.365388129801188, 
        "mean": 1.0105058921226906
    }, 
    "traffic": {
        "std": 0.8592706738387165, 
        "mean": 1.3304921615705418
    }, 
    "error_count": 0, 
    "success_count": 8727
}