{
    "crashes": {
        "std": 0.43760996959571324, 
        "mean": 0.05766525739743064
    }, 
    "total_count": 8942, 
    "crimes": {
        "std": 3.041316287289831, 
        "mean": 0.913452450996205
    }, 
    "traffic": {
        "std": 0.812027446439496, 
        "mean": 1.2633652020075545
    }, 
    "error_count": 0, 
    "success_count": 8942
}