{
    "crashes": {
        "std": 0.6662942487471202, 
        "mean": 0.09815256210415307
    }, 
    "total_count": 8169, 
    "crimes": {
        "std": 3.1788466952075054, 
        "mean": 0.998931809332326
    }, 
    "traffic": {
        "std": 0.9783715797111026, 
        "mean": 1.3626622504717534
    }, 
    "error_count": 0, 
    "success_count": 8169
}