{
    "crashes": {
        "std": 0.6752075788345298, 
        "mean": 0.08316819373114116
    }, 
    "total_count": 9035, 
    "crimes": {
        "std": 3.3125505978278182, 
        "mean": 1.00404882818211
    }, 
    "traffic": {
        "std": 1.04712836707661, 
        "mean": 1.4741368378808088
    }, 
    "error_count": 0, 
    "success_count": 9035
}