{
    "crashes": {
        "std": 0.6959151742238795, 
        "mean": 0.10517521168796853
    }, 
    "total_count": 7953, 
    "crimes": {
        "std": 3.2459366055182874, 
        "mean": 0.9434564927500477
    }, 
    "traffic": {
        "std": 0.8985982884143067, 
        "mean": 1.3714044379259116
    }, 
    "error_count": 0, 
    "success_count": 7953
}