{
    "crashes": {
        "std": 0.6607171470490674, 
        "mean": 0.09139931151480754
    }, 
    "total_count": 8335, 
    "crimes": {
        "std": 3.349212875794279, 
        "mean": 1.0040070666326506
    }, 
    "traffic": {
        "std": 0.8527529308117336, 
        "mean": 1.3093699853079772
    }, 
    "error_count": 0, 
    "success_count": 8335
}