{
    "crashes": {
        "std": 0.627525619004197, 
        "mean": 0.08392254112868505
    }, 
    "total_count": 7619, 
    "crimes": {
        "std": 3.50730819648127, 
        "mean": 1.0488841357542196
    }, 
    "traffic": {
        "std": 0.8570916501335775, 
        "mean": 1.2420088561867024
    }, 
    "error_count": 0, 
    "success_count": 7619
}