{
    "crashes": {
        "std": 0.6512208470420771, 
        "mean": 0.08871357082222943
    }, 
    "total_count": 8669, 
    "crimes": {
        "std": 3.217600230301921, 
        "mean": 0.9569206014553876
    }, 
    "traffic": {
        "std": 0.9432311214278047, 
        "mean": 1.3354953948368542
    }, 
    "error_count": 0, 
    "success_count": 8669
}