{
    "crashes": {
        "std": 0.6687826372889794, 
        "mean": 0.08981480530745821
    }, 
    "total_count": 8500, 
    "crimes": {
        "std": 3.1293799714369843, 
        "mean": 0.9644432568290078
    }, 
    "traffic": {
        "std": 0.9225995913321017, 
        "mean": 1.387629789081126
    }, 
    "error_count": 0, 
    "success_count": 8500
}