{
    "crashes": {
        "std": 0.530047935798789, 
        "mean": 0.0753561162073894
    }, 
    "total_count": 8359, 
    "crimes": {
        "std": 3.145597854336389, 
        "mean": 0.9044995307911543
    }, 
    "traffic": {
        "std": 0.8285657676776079, 
        "mean": 1.3123077402398617
    }, 
    "error_count": 0, 
    "success_count": 8359
}