{
    "crashes": {
        "std": 0.6812629142511343, 
        "mean": 0.09540390484875799
    }, 
    "total_count": 7927, 
    "crimes": {
        "std": 3.0962163053093477, 
        "mean": 0.9147914572036616
    }, 
    "traffic": {
        "std": 0.8608226093293081, 
        "mean": 1.3491825403358777
    }, 
    "error_count": 0, 
    "success_count": 7927
}