{
    "crashes": {
        "std": 0.7695897626011032, 
        "mean": 0.12349590296541293
    }, 
    "total_count": 8754, 
    "crimes": {
        "std": 3.42840832289166, 
        "mean": 1.0143497876792043
    }, 
    "traffic": {
        "std": 0.8502487179326254, 
        "mean": 1.2703133579247736
    }, 
    "error_count": 0, 
    "success_count": 8754
}