{
    "crashes": {
        "std": 0.6237663672832949, 
        "mean": 0.09838789502998989
    }, 
    "total_count": 8795, 
    "crimes": {
        "std": 3.255176496855388, 
        "mean": 0.976687970286953
    }, 
    "traffic": {
        "std": 0.9527665505145747, 
        "mean": 1.3662920835441412
    }, 
    "error_count": 0, 
    "success_count": 8795
}