{
    "crashes": {
        "std": 0.742186959811604, 
        "mean": 0.11082728319854152
    }, 
    "total_count": 8958, 
    "crimes": {
        "std": 3.2000127579271895, 
        "mean": 0.9632071164017376
    }, 
    "traffic": {
        "std": 0.9785800880716525, 
        "mean": 1.4385513191157488
    }, 
    "error_count": 0, 
    "success_count": 8958
}