{
    "crashes": {
        "std": 0.6799846905052308, 
        "mean": 0.10196378072155995
    }, 
    "total_count": 7691, 
    "crimes": {
        "std": 3.4241023823416277, 
        "mean": 1.0435591245302935
    }, 
    "traffic": {
        "std": 0.9099106507752164, 
        "mean": 1.3221764505968014
    }, 
    "error_count": 0, 
    "success_count": 7691
}