{
    "crashes": {
        "std": 0.8896733040309128, 
        "mean": 0.1287416887448322
    }, 
    "total_count": 9197, 
    "crimes": {
        "std": 3.319666751207984, 
        "mean": 1.021612805876892
    }, 
    "traffic": {
        "std": 0.9937033613318056, 
        "mean": 1.3816292557849446
    }, 
    "error_count": 0, 
    "success_count": 9197
}