{
    "crashes": {
        "std": 0.7356377902814045, 
        "mean": 0.11123167966207544
    }, 
    "total_count": 7657, 
    "crimes": {
        "std": 3.360612579426651, 
        "mean": 1.0942127803277677
    }, 
    "traffic": {
        "std": 0.9010127642422424, 
        "mean": 1.2955491412760942
    }, 
    "error_count": 0, 
    "success_count": 7657
}