{
    "crashes": {
        "std": 0.8261153564425434, 
        "mean": 0.12756498579780254
    }, 
    "total_count": 9618, 
    "crimes": {
        "std": 3.266004168427083, 
        "mean": 1.0110036154352102
    }, 
    "traffic": {
        "std": 0.8375208683222716, 
        "mean": 1.3086051691631504
    }, 
    "error_count": 0, 
    "success_count": 9618
}