{
    "crashes": {
        "std": 0.6005763177616823, 
        "mean": 0.0728893981541133
    }, 
    "total_count": 8666, 
    "crimes": {
        "std": 3.44303852247368, 
        "mean": 1.0613595913100988
    }, 
    "traffic": {
        "std": 0.9362779642155511, 
        "mean": 1.3630240309079507
    }, 
    "error_count": 0, 
    "success_count": 8666
}