{
    "crashes": {
        "std": 0.5511116861891816, 
        "mean": 0.06985177415687227
    }, 
    "total_count": 8721, 
    "crimes": {
        "std": 3.157427284457869, 
        "mean": 0.9355163377025847
    }, 
    "traffic": {
        "std": 0.8708478520151488, 
        "mean": 1.334525304555185
    }, 
    "error_count": 0, 
    "success_count": 8721
}