{
    "crashes": {
        "std": 0.6984542446033145, 
        "mean": 0.08645423278887046
    }, 
    "total_count": 8860, 
    "crimes": {
        "std": 3.2260082105635286, 
        "mean": 0.9379535043259233
    }, 
    "traffic": {
        "std": 0.8936578525771286, 
        "mean": 1.4202473332137506
    }, 
    "error_count": 0, 
    "success_count": 8860
}