{
    "crashes": {
        "std": 0.6955683099594384, 
        "mean": 0.1027138529753149
    }, 
    "total_count": 7144, 
    "crimes": {
        "std": 3.131465389661953, 
        "mean": 0.932212661368206
    }, 
    "traffic": {
        "std": 0.7464007302065427, 
        "mean": 1.1895013220243404
    }, 
    "error_count": 0, 
    "success_count": 7144
}