{
    "crashes": {
        "std": 0.1270721934520541, 
        "mean": 0.011077327445940324
    }, 
    "total_count": 2964, 
    "crimes": {
        "std": 0.27186906271963496, 
        "mean": 0.05971273216153627
    }, 
    "traffic": {
        "std": 0.2319037517532511, 
        "mean": 0.06578257864621562
    }, 
    "error_count": 2050, 
    "success_count": 914
}