{
    "crashes": {
        "std": 2.216804928123931, 
        "mean": 0.6673808693119687
    }, 
    "total_count": 3096, 
    "crimes": {
        "std": 1.5465110118881493, 
        "mean": 0.2579399231629535
    }, 
    "traffic": {
        "std": 1.4097759732253772, 
        "mean": 1.835336984961611
    }, 
    "error_count": 0, 
    "success_count": 3096
}