{
    "crashes": {
        "std": 2.151341992483167, 
        "mean": 0.6101262556826295
    }, 
    "total_count": 3127, 
    "crimes": {
        "std": 1.346046261127711, 
        "mean": 0.19904939942436123
    }, 
    "traffic": {
        "std": 1.3878688821952687, 
        "mean": 1.839627066769724
    }, 
    "error_count": 0, 
    "success_count": 3127
}