{
    "crashes": {
        "std": 2.110208700350673, 
        "mean": 0.5972256915023978
    }, 
    "total_count": 3154, 
    "crimes": {
        "std": 1.530706851295198, 
        "mean": 0.28367393542004765
    }, 
    "traffic": {
        "std": 1.4888834187812057, 
        "mean": 1.9523324201934533
    }, 
    "error_count": 0, 
    "success_count": 3154
}