{
    "crashes": {
        "std": 2.0846677559632765, 
        "mean": 0.6074427819044247
    }, 
    "total_count": 3217, 
    "crimes": {
        "std": 1.4623633280884272, 
        "mean": 0.24014245743758017
    }, 
    "traffic": {
        "std": 1.5262335745149078, 
        "mean": 1.9538700265803775
    }, 
    "error_count": 0, 
    "success_count": 3217
}