{
    "crashes": {
        "std": 2.3100976478260797, 
        "mean": 0.7012866880928535
    }, 
    "total_count": 3170, 
    "crimes": {
        "std": 1.5712346876834729, 
        "mean": 0.2833851598807059
    }, 
    "traffic": {
        "std": 1.3991065411516288, 
        "mean": 1.8008159562557071
    }, 
    "error_count": 0, 
    "success_count": 3170
}