{
    "crashes": {
        "std": 2.2065184954755446, 
        "mean": 0.6560850973478719
    }, 
    "total_count": 3119, 
    "crimes": {
        "std": 1.4673058391086231, 
        "mean": 0.2529019665632836
    }, 
    "traffic": {
        "std": 1.4325525795092307, 
        "mean": 1.8398678190796338
    }, 
    "error_count": 0, 
    "success_count": 3119
}