{
    "crashes": {
        "std": 2.226220357032796, 
        "mean": 0.6370476929695605
    }, 
    "total_count": 3102, 
    "crimes": {
        "std": 1.5595883454200163, 
        "mean": 0.26855268125224396
    }, 
    "traffic": {
        "std": 1.4665117917361614, 
        "mean": 1.8702700861651504
    }, 
    "error_count": 0, 
    "success_count": 3102
}