{
    "crashes": {
        "std": 2.2044202930563244, 
        "mean": 0.6458156296752354
    }, 
    "total_count": 3111, 
    "crimes": {
        "std": 1.3920766994450953, 
        "mean": 0.22889392339966438
    }, 
    "traffic": {
        "std": 1.4099584516556662, 
        "mean": 1.7925683418373033
    }, 
    "error_count": 0, 
    "success_count": 3111
}