{
    "crashes": {
        "std": 2.1960328197137287, 
        "mean": 0.6336698743724388
    }, 
    "total_count": 2917, 
    "crimes": {
        "std": 1.4824802056351014, 
        "mean": 0.23910107026449476
    }, 
    "traffic": {
        "std": 1.3260804882087873, 
        "mean": 1.6719726669052593
    }, 
    "error_count": 0, 
    "success_count": 2917
}