{
    "crashes": {
        "std": 2.220363843157538, 
        "mean": 0.6574874718580599
    }, 
    "total_count": 3131, 
    "crimes": {
        "std": 1.5281260874802929, 
        "mean": 0.27491872907520426
    }, 
    "traffic": {
        "std": 1.338834775872003, 
        "mean": 1.7823648856453673
    }, 
    "error_count": 0, 
    "success_count": 3131
}