{
    "crashes": {
        "std": 2.225900536583412, 
        "mean": 0.6857143167158211
    }, 
    "total_count": 3129, 
    "crimes": {
        "std": 1.4366349762381574, 
        "mean": 0.2158400851992342
    }, 
    "traffic": {
        "std": 1.4018591760519878, 
        "mean": 1.818857782412618
    }, 
    "error_count": 0, 
    "success_count": 3129
}