{
    "crashes": {
        "std": 2.1332551742501424, 
        "mean": 0.6356011383187247
    }, 
    "total_count": 3067, 
    "crimes": {
        "std": 1.4200132423960832, 
        "mean": 0.23027391223182894
    }, 
    "traffic": {
        "std": 1.404716974715822, 
        "mean": 1.75197449769367
    }, 
    "error_count": 0, 
    "success_count": 3067
}