{
    "crashes": {
        "std": 2.2265499938786473, 
        "mean": 0.6614282431770241
    }, 
    "total_count": 3076, 
    "crimes": {
        "std": 1.479617775895842, 
        "mean": 0.24835307500426154
    }, 
    "traffic": {
        "std": 1.382196915681413, 
        "mean": 1.7805372980756193
    }, 
    "error_count": 0, 
    "success_count": 3076
}