{
    "crashes": {
        "std": 2.318741590956957, 
        "mean": 0.7106895205299554
    }, 
    "total_count": 2926, 
    "crimes": {
        "std": 1.5602371731255293, 
        "mean": 0.27544615367729014
    }, 
    "traffic": {
        "std": 1.3021691748443183, 
        "mean": 1.7165293448785843
    }, 
    "error_count": 0, 
    "success_count": 2926
}