{
    "crashes": {
        "std": 2.1885269448542513, 
        "mean": 0.6453922185257172
    }, 
    "total_count": 3055, 
    "crimes": {
        "std": 1.3069487894350955, 
        "mean": 0.21102631526095036
    }, 
    "traffic": {
        "std": 1.435385605309087, 
        "mean": 1.8173963441816583
    }, 
    "error_count": 0, 
    "success_count": 3055
}