{
    "crashes": {
        "std": 2.2917582637510505, 
        "mean": 0.6718171836928947
    }, 
    "total_count": 2999, 
    "crimes": {
        "std": 1.5464421207332266, 
        "mean": 0.26010952733775333
    }, 
    "traffic": {
        "std": 1.4343219988598432, 
        "mean": 1.836966516991758
    }, 
    "error_count": 0, 
    "success_count": 2999
}