{
    "crashes": {
        "std": 2.166948676388309, 
        "mean": 0.6321010827002547
    }, 
    "total_count": 3046, 
    "crimes": {
        "std": 1.4788677056612933, 
        "mean": 0.2335407247881545
    }, 
    "traffic": {
        "std": 1.4290027848530782, 
        "mean": 1.8018994573523064
    }, 
    "error_count": 0, 
    "success_count": 3046
}