{
    "crashes": {
        "std": 2.234129231283314, 
        "mean": 0.6193578124099218
    }, 
    "total_count": 2996, 
    "crimes": {
        "std": 1.5875984068217917, 
        "mean": 0.2671039344241903
    }, 
    "traffic": {
        "std": 1.3915471981651641, 
        "mean": 1.827426637019147
    }, 
    "error_count": 0, 
    "success_count": 2996
}