{
    "crashes": {
        "std": 2.2428198215600283, 
        "mean": 0.6636337846305705
    }, 
    "total_count": 3058, 
    "crimes": {
        "std": 1.3469425405725133, 
        "mean": 0.2011573487611102
    }, 
    "traffic": {
        "std": 1.3650048431612958, 
        "mean": 1.762035113827865
    }, 
    "error_count": 0, 
    "success_count": 3058
}