{
    "crashes": {
        "std": 2.1930573504571798, 
        "mean": 0.6604889601233598
    }, 
    "total_count": 3084, 
    "crimes": {
        "std": 1.6514940441584274, 
        "mean": 0.29089153742303236
    }, 
    "traffic": {
        "std": 1.4950096066151328, 
        "mean": 1.8935040880755538
    }, 
    "error_count": 0, 
    "success_count": 3084
}