{
    "crashes": {
        "std": 2.2046659597362614, 
        "mean": 0.6427781341620484
    }, 
    "total_count": 2981, 
    "crimes": {
        "std": 1.3842388796862526, 
        "mean": 0.22758621375927393
    }, 
    "traffic": {
        "std": 1.330319773657192, 
        "mean": 1.729643298113529
    }, 
    "error_count": 0, 
    "success_count": 2981
}