{
    "crashes": {
        "std": 2.308834879603276, 
        "mean": 0.700223402869949
    }, 
    "total_count": 3195, 
    "crimes": {
        "std": 1.4691089361716545, 
        "mean": 0.24531505409441018
    }, 
    "traffic": {
        "std": 1.5314587574090401, 
        "mean": 1.923794879718202
    }, 
    "error_count": 0, 
    "success_count": 3195
}