{
    "crashes": {
        "std": 2.259074668687291, 
        "mean": 0.6581265147529273
    }, 
    "total_count": 3230, 
    "crimes": {
        "std": 1.404429778556792, 
        "mean": 0.22737338079253339
    }, 
    "traffic": {
        "std": 1.4453851628342957, 
        "mean": 1.8340240114586106
    }, 
    "error_count": 0, 
    "success_count": 3230
}