{
    "crashes": {
        "std": 2.1746569480695035, 
        "mean": 0.6512265745521139
    }, 
    "total_count": 2987, 
    "crimes": {
        "std": 1.5487474686037594, 
        "mean": 0.26230692246970727
    }, 
    "traffic": {
        "std": 1.374427816119629, 
        "mean": 1.7203197306555142
    }, 
    "error_count": 0, 
    "success_count": 2987
}