{
    "crashes": {
        "std": 2.1019273488639314, 
        "mean": 0.5884782457503677
    }, 
    "total_count": 2877, 
    "crimes": {
        "std": 1.6189845896208632, 
        "mean": 0.27136348707286384
    }, 
    "traffic": {
        "std": 1.3537453946024312, 
        "mean": 1.7333818108547359
    }, 
    "error_count": 0, 
    "success_count": 2877
}