{
    "crashes": {
        "std": 2.1125863192543517, 
        "mean": 0.6256223854860363
    }, 
    "total_count": 3143, 
    "crimes": {
        "std": 1.5141222932830674, 
        "mean": 0.24739255227789705
    }, 
    "traffic": {
        "std": 1.462436479128574, 
        "mean": 1.877523728333367
    }, 
    "error_count": 0, 
    "success_count": 3143
}