{
    "crashes": {
        "std": 2.1450632184714697, 
        "mean": 0.6446143539192245
    }, 
    "total_count": 3085, 
    "crimes": {
        "std": 1.4429659599261222, 
        "mean": 0.24055809328461
    }, 
    "traffic": {
        "std": 1.3432028564984186, 
        "mean": 1.744683670450865
    }, 
    "error_count": 0, 
    "success_count": 3085
}