{
    "crashes": {
        "std": 2.0679070842395815, 
        "mean": 0.6014605736963887
    }, 
    "total_count": 3115, 
    "crimes": {
        "std": 1.5792836298026272, 
        "mean": 0.27869078698948463
    }, 
    "traffic": {
        "std": 1.4258119314425792, 
        "mean": 1.8298761603643277
    }, 
    "error_count": 0, 
    "success_count": 3115
}