{
    "crashes": {
        "std": 2.0045030136927586, 
        "mean": 0.5621672936259637
    }, 
    "total_count": 3102, 
    "crimes": {
        "std": 1.3961332156206536, 
        "mean": 0.2278069712906999
    }, 
    "traffic": {
        "std": 1.4686385945306248, 
        "mean": 1.8566751089148472
    }, 
    "error_count": 0, 
    "success_count": 3102
}