{
    "crashes": {
        "std": 2.117127751369101, 
        "mean": 0.6307622208371807
    }, 
    "total_count": 3086, 
    "crimes": {
        "std": 1.5894367511020433, 
        "mean": 0.26862272930318143
    }, 
    "traffic": {
        "std": 1.4379182297821171, 
        "mean": 1.8328680249425882
    }, 
    "error_count": 0, 
    "success_count": 3086
}