{
    "crashes": {
        "std": 2.164781736233073, 
        "mean": 0.6373115183885391
    }, 
    "total_count": 3144, 
    "crimes": {
        "std": 1.6264844247311785, 
        "mean": 0.272956569145821
    }, 
    "traffic": {
        "std": 1.3926242592378892, 
        "mean": 1.8516417457092407
    }, 
    "error_count": 0, 
    "success_count": 3144
}