{
    "crashes": {
        "std": 2.1513337867243036, 
        "mean": 0.6022764230054357
    }, 
    "total_count": 2860, 
    "crimes": {
        "std": 1.5670441514849551, 
        "mean": 0.2807166814804888
    }, 
    "traffic": {
        "std": 1.3305322190675177, 
        "mean": 1.6960408937920093
    }, 
    "error_count": 0, 
    "success_count": 2860
}