{
    "crashes": {
        "std": 2.1996617183076492, 
        "mean": 0.6118957697538542
    }, 
    "total_count": 3128, 
    "crimes": {
        "std": 1.542695780197832, 
        "mean": 0.26914358903193375
    }, 
    "traffic": {
        "std": 1.4979765617416128, 
        "mean": 1.886230369208087
    }, 
    "error_count": 0, 
    "success_count": 3128
}