{
    "crashes": {
        "std": 0.1327922267889997, 
        "mean": 0.033215679337644965
    }, 
    "total_count": 5722, 
    "crimes": {
        "std": 0.15980880290762164, 
        "mean": 0.014532145330439753
    }, 
    "traffic": {
        "std": 0.20953734594321147, 
        "mean": 0.05128587565289414
    }, 
    "error_count": 1537, 
    "success_count": 4185
}