{
    "crashes": {
        "std": 6.275916884697538, 
        "mean": 1.970901096504277
    }, 
    "total_count": 5104, 
    "crimes": {
        "std": 2.363286152136286, 
        "mean": 0.40483787883359273
    }, 
    "traffic": {
        "std": 0.59644783207617, 
        "mean": 0.8488748139486122
    }, 
    "error_count": 0, 
    "success_count": 5104
}