{
    "crashes": {
        "std": 6.51008944450691, 
        "mean": 2.034102007307827
    }, 
    "total_count": 5515, 
    "crimes": {
        "std": 2.447612834503947, 
        "mean": 0.43525850214376266
    }, 
    "traffic": {
        "std": 0.651239574002476, 
        "mean": 0.9465009563226189
    }, 
    "error_count": 0, 
    "success_count": 5515
}