{
    "crashes": {
        "std": 5.967342590545305, 
        "mean": 1.9436765305517836
    }, 
    "total_count": 4849, 
    "crimes": {
        "std": 2.7956541064361384, 
        "mean": 0.5111934257865952
    }, 
    "traffic": {
        "std": 0.577721273750476, 
        "mean": 0.8406513955832464
    }, 
    "error_count": 0, 
    "success_count": 4849
}