{
    "crashes": {
        "std": 4.867296010307848, 
        "mean": 1.6238494384008637
    }, 
    "total_count": 5237, 
    "crimes": {
        "std": 2.027363423401164, 
        "mean": 0.32828706286445275
    }, 
    "traffic": {
        "std": 0.6078538865087106, 
        "mean": 0.8732233869347998
    }, 
    "error_count": 0, 
    "success_count": 5237
}