{
    "crashes": {
        "std": 4.870489094393815, 
        "mean": 1.469224921687868
    }, 
    "total_count": 4605, 
    "crimes": {
        "std": 2.764861886607275, 
        "mean": 0.5253824329961214
    }, 
    "traffic": {
        "std": 0.5700053442130695, 
        "mean": 0.8153161827711345
    }, 
    "error_count": 0, 
    "success_count": 4605
}