{
    "crashes": {
        "std": 6.245560447727355, 
        "mean": 2.1110898035033117
    }, 
    "total_count": 5212, 
    "crimes": {
        "std": 2.7244543340844043, 
        "mean": 0.47875986603214293
    }, 
    "traffic": {
        "std": 0.5793606977780732, 
        "mean": 0.871068829408412
    }, 
    "error_count": 0, 
    "success_count": 5212
}