{
    "crashes": {
        "std": 6.169408653491195, 
        "mean": 1.9220316537693891
    }, 
    "total_count": 5269, 
    "crimes": {
        "std": 2.1611185962514305, 
        "mean": 0.36404521596331085
    }, 
    "traffic": {
        "std": 0.6219044190180354, 
        "mean": 0.8698998139369181
    }, 
    "error_count": 0, 
    "success_count": 5269
}