{
    "crashes": {
        "std": 6.451620813945799, 
        "mean": 1.9507710883451754
    }, 
    "total_count": 5395, 
    "crimes": {
        "std": 2.6271839126460605, 
        "mean": 0.46283715692511795
    }, 
    "traffic": {
        "std": 0.6195775507549354, 
        "mean": 0.8983807005926934
    }, 
    "error_count": 0, 
    "success_count": 5395
}