{
    "crashes": {
        "std": 5.112465846203214, 
        "mean": 1.5642864893120425
    }, 
    "total_count": 4629, 
    "crimes": {
        "std": 2.9440218249087677, 
        "mean": 0.5605557016670294
    }, 
    "traffic": {
        "std": 0.5582509307193156, 
        "mean": 0.8110131731754056
    }, 
    "error_count": 0, 
    "success_count": 4629
}