{
    "crashes": {
        "std": 5.365805916621929, 
        "mean": 1.6088043793534748
    }, 
    "total_count": 4207, 
    "crimes": {
        "std": 2.204712824978757, 
        "mean": 0.3819825505724329
    }, 
    "traffic": {
        "std": 0.5255821520669562, 
        "mean": 0.7476779004479339
    }, 
    "error_count": 0, 
    "success_count": 4207
}