{
    "crashes": {
        "std": 5.671735141743342, 
        "mean": 1.7984912259231296
    }, 
    "total_count": 4694, 
    "crimes": {
        "std": 2.760314767784293, 
        "mean": 0.49332789821180834
    }, 
    "traffic": {
        "std": 0.6740771541281677, 
        "mean": 0.8966458165511231
    }, 
    "error_count": 0, 
    "success_count": 4694
}