{
    "crashes": {
        "std": 6.852384669930345, 
        "mean": 2.1840533953768433
    }, 
    "total_count": 5501, 
    "crimes": {
        "std": 2.4536268650334594, 
        "mean": 0.4072190693444318
    }, 
    "traffic": {
        "std": 0.5832900016533025, 
        "mean": 0.8771006718393639
    }, 
    "error_count": 0, 
    "success_count": 5501
}