{
    "crashes": {
        "std": 7.1830059903007735, 
        "mean": 2.1153973026511923
    }, 
    "total_count": 4742, 
    "crimes": {
        "std": 2.529065295600164, 
        "mean": 0.4796251017574075
    }, 
    "traffic": {
        "std": 0.5919965682893376, 
        "mean": 0.8397943661522124
    }, 
    "error_count": 0, 
    "success_count": 4742
}