{
    "crashes": {
        "std": 8.577241180034672, 
        "mean": 2.4814534653154254
    }, 
    "total_count": 4774, 
    "crimes": {
        "std": 2.8374729107092205, 
        "mean": 0.5529289991223132
    }, 
    "traffic": {
        "std": 0.5921800611026585, 
        "mean": 0.8618590087677809
    }, 
    "error_count": 0, 
    "success_count": 4774
}