{
    "crashes": {
        "std": 4.956759795711115, 
        "mean": 1.4402036037861616
    }, 
    "total_count": 4693, 
    "crimes": {
        "std": 2.464146365736764, 
        "mean": 0.4536291725417486
    }, 
    "traffic": {
        "std": 0.5665865495013477, 
        "mean": 0.8311436779347826
    }, 
    "error_count": 0, 
    "success_count": 4693
}