{
    "crashes": {
        "std": 6.141887990873696, 
        "mean": 1.847296280477841
    }, 
    "total_count": 4833, 
    "crimes": {
        "std": 2.2868444601678135, 
        "mean": 0.42407194353726396
    }, 
    "traffic": {
        "std": 0.5471793244363896, 
        "mean": 0.8327815252062303
    }, 
    "error_count": 0, 
    "success_count": 4833
}