{
    "crashes": {
        "std": 6.3707714693501245, 
        "mean": 1.977354705818042
    }, 
    "total_count": 5628, 
    "crimes": {
        "std": 2.1749843157798954, 
        "mean": 0.3643008376835816
    }, 
    "traffic": {
        "std": 0.6183363942512301, 
        "mean": 0.9204394740807983
    }, 
    "error_count": 0, 
    "success_count": 5628
}