{
    "crashes": {
        "std": 5.3791079148698335, 
        "mean": 1.6804278589234327
    }, 
    "total_count": 5192, 
    "crimes": {
        "std": 2.7636151525347454, 
        "mean": 0.548094320080324
    }, 
    "traffic": {
        "std": 0.5633450970751799, 
        "mean": 0.8514863149558408
    }, 
    "error_count": 0, 
    "success_count": 5192
}