{
    "crashes": {
        "std": 5.2708304508003, 
        "mean": 1.651857181077177
    }, 
    "total_count": 4865, 
    "crimes": {
        "std": 2.2567579058257485, 
        "mean": 0.3686973384791709
    }, 
    "traffic": {
        "std": 0.5458582833947063, 
        "mean": 0.7954338030870415
    }, 
    "error_count": 0, 
    "success_count": 4865
}