{
    "crashes": {
        "std": 5.688886203405601, 
        "mean": 1.7789008990291513
    }, 
    "total_count": 4803, 
    "crimes": {
        "std": 2.0439152489505434, 
        "mean": 0.3645939615643012
    }, 
    "traffic": {
        "std": 0.5946632017916726, 
        "mean": 0.8629236484039466
    }, 
    "error_count": 0, 
    "success_count": 4803
}