{
    "crashes": {
        "std": 6.42374832096014, 
        "mean": 2.002655901117265
    }, 
    "total_count": 5173, 
    "crimes": {
        "std": 2.354858776604361, 
        "mean": 0.4021388988636091
    }, 
    "traffic": {
        "std": 0.6108012544373448, 
        "mean": 0.9487983980636602
    }, 
    "error_count": 0, 
    "success_count": 5173
}