{
    "crashes": {
        "std": 5.993617498530803, 
        "mean": 1.9477336984422713
    }, 
    "total_count": 5038, 
    "crimes": {
        "std": 2.519202760613912, 
        "mean": 0.4205702930312941
    }, 
    "traffic": {
        "std": 0.5987110718152441, 
        "mean": 0.8485596149989354
    }, 
    "error_count": 0, 
    "success_count": 5038
}