{
    "crashes": {
        "std": 5.370313231994209, 
        "mean": 1.6883426634108303
    }, 
    "total_count": 5403, 
    "crimes": {
        "std": 2.933938124631785, 
        "mean": 0.5429564721924451
    }, 
    "traffic": {
        "std": 0.5975440990786048, 
        "mean": 0.857754361128517
    }, 
    "error_count": 0, 
    "success_count": 5403
}