{
    "crashes": {
        "std": 6.738301185177696, 
        "mean": 2.0504796370109393
    }, 
    "total_count": 5625, 
    "crimes": {
        "std": 2.8440531064351764, 
        "mean": 0.5167754129881561
    }, 
    "traffic": {
        "std": 0.5711851503491903, 
        "mean": 0.8727415262869297
    }, 
    "error_count": 0, 
    "success_count": 5625
}