{
    "crashes": {
        "std": 4.978313934911925, 
        "mean": 1.6037592991240148
    }, 
    "total_count": 5177, 
    "crimes": {
        "std": 2.5596661671737495, 
        "mean": 0.48239711141562863
    }, 
    "traffic": {
        "std": 0.5375707728089185, 
        "mean": 0.8017090519829003
    }, 
    "error_count": 0, 
    "success_count": 5177
}