{
    "crashes": {
        "std": 5.827994522682388, 
        "mean": 1.6272954618475468
    }, 
    "total_count": 4264, 
    "crimes": {
        "std": 2.9927813578733664, 
        "mean": 0.6079979779970367
    }, 
    "traffic": {
        "std": 0.5335345041765751, 
        "mean": 0.7457728602161915
    }, 
    "error_count": 0, 
    "success_count": 4264
}