{
    "crashes": {
        "std": 6.194039273093078, 
        "mean": 1.8025995852038392
    }, 
    "total_count": 4361, 
    "crimes": {
        "std": 2.692895486700613, 
        "mean": 0.4599641105937163
    }, 
    "traffic": {
        "std": 0.534672331821418, 
        "mean": 0.765014887492838
    }, 
    "error_count": 0, 
    "success_count": 4361
}