{
    "crashes": {
        "std": 4.780452248460279, 
        "mean": 1.5748515655983868
    }, 
    "total_count": 5155, 
    "crimes": {
        "std": 2.5291296902859046, 
        "mean": 0.43962811088063075
    }, 
    "traffic": {
        "std": 0.5747644676421465, 
        "mean": 0.8226573136449563
    }, 
    "error_count": 0, 
    "success_count": 5155
}