{
    "crashes": {
        "std": 5.850100412667465, 
        "mean": 1.741908223737586
    }, 
    "total_count": 4554, 
    "crimes": {
        "std": 1.7668822020706554, 
        "mean": 0.2852087035639543
    }, 
    "traffic": {
        "std": 0.5900067538481347, 
        "mean": 0.7947295719621945
    }, 
    "error_count": 0, 
    "success_count": 4554
}