{
    "crashes": {
        "std": 5.568465442020007, 
        "mean": 1.7139876803935363
    }, 
    "total_count": 4967, 
    "crimes": {
        "std": 3.2283401723170297, 
        "mean": 0.6397074057759387
    }, 
    "traffic": {
        "std": 0.506456568947337, 
        "mean": 0.8073893572471699
    }, 
    "error_count": 0, 
    "success_count": 4967
}