{
    "crashes": {
        "std": 5.706457218998002, 
        "mean": 1.9148478475259112
    }, 
    "total_count": 5194, 
    "crimes": {
        "std": 1.8389776967983305, 
        "mean": 0.29154174232682467
    }, 
    "traffic": {
        "std": 0.6004099377724352, 
        "mean": 0.8745925720615618
    }, 
    "error_count": 0, 
    "success_count": 5194
}