{
    "crashes": {
        "std": 6.188383664019003, 
        "mean": 1.936324177819112
    }, 
    "total_count": 5819, 
    "crimes": {
        "std": 2.596326258051834, 
        "mean": 0.46740676117430213
    }, 
    "traffic": {
        "std": 0.5749530526630912, 
        "mean": 0.8923784696524445
    }, 
    "error_count": 0, 
    "success_count": 5819
}