{
    "crashes": {
        "std": 5.874011031038812, 
        "mean": 1.7930257969812369
    }, 
    "total_count": 4468, 
    "crimes": {
        "std": 1.9930149282684013, 
        "mean": 0.34553919929256577
    }, 
    "traffic": {
        "std": 0.5634191926829719, 
        "mean": 0.7947138539695389
    }, 
    "error_count": 0, 
    "success_count": 4468
}