{
    "crashes": {
        "std": 0.12668636719501192, 
        "mean": 0.030052281305488305
    }, 
    "total_count": 6121, 
    "crimes": {
        "std": 0.1520683363560185, 
        "mean": 0.013148131489445491
    }, 
    "traffic": {
        "std": 0.20412802420330825, 
        "mean": 0.04848523591482908
    }, 
    "error_count": 4337, 
    "success_count": 1784
}