{
    "crashes": {
        "std": 2.5165489616199537, 
        "mean": 0.7994426319143241
    }, 
    "total_count": 4257, 
    "crimes": {
        "std": 0.7280437431678294, 
        "mean": 0.10230189297206595
    }, 
    "traffic": {
        "std": 0.6397756408827586, 
        "mean": 0.8402874458666857
    }, 
    "error_count": 0, 
    "success_count": 4257
}