{
    "crashes": {
        "std": 2.597800884115146, 
        "mean": 0.8371846567150647
    }, 
    "total_count": 4829, 
    "crimes": {
        "std": 0.5190932381675818, 
        "mean": 0.06095102051781441
    }, 
    "traffic": {
        "std": 0.783015394305033, 
        "mean": 0.9761047112430398
    }, 
    "error_count": 0, 
    "success_count": 4829
}