{
    "crashes": {
        "std": 2.5993553554289073, 
        "mean": 0.8301379408612636
    }, 
    "total_count": 4350, 
    "crimes": {
        "std": 0.7586097988217189, 
        "mean": 0.10545708253370734
    }, 
    "traffic": {
        "std": 0.827695255113484, 
        "mean": 0.97099034274348
    }, 
    "error_count": 0, 
    "success_count": 4350
}