{
    "crashes": {
        "std": 2.7509271467625855, 
        "mean": 0.9049133668723424
    }, 
    "total_count": 4494, 
    "crimes": {
        "std": 0.5920197124131612, 
        "mean": 0.07530645516084553
    }, 
    "traffic": {
        "std": 0.8083892376604872, 
        "mean": 0.955978700395526
    }, 
    "error_count": 0, 
    "success_count": 4494
}