{
    "crashes": {
        "std": 2.7232869400700705, 
        "mean": 0.8872830193754744
    }, 
    "total_count": 4852, 
    "crimes": {
        "std": 0.6346834542471766, 
        "mean": 0.0920538704078159
    }, 
    "traffic": {
        "std": 0.8542583547628217, 
        "mean": 1.027246905102833
    }, 
    "error_count": 0, 
    "success_count": 4852
}