{
    "crashes": {
        "std": 2.730832977025616, 
        "mean": 0.9257828152714893
    }, 
    "total_count": 4459, 
    "crimes": {
        "std": 0.5721555102994734, 
        "mean": 0.0784422850614232
    }, 
    "traffic": {
        "std": 0.8213390254290726, 
        "mean": 0.9809129136411934
    }, 
    "error_count": 0, 
    "success_count": 4459
}