{
    "crashes": {
        "std": 2.8967518507684953, 
        "mean": 0.9987637841471219
    }, 
    "total_count": 4987, 
    "crimes": {
        "std": 0.6193399407432756, 
        "mean": 0.0785874450726597
    }, 
    "traffic": {
        "std": 0.8576306023544336, 
        "mean": 1.0478519680656226
    }, 
    "error_count": 0, 
    "success_count": 4987
}