{
    "crashes": {
        "std": 2.6333303220218807, 
        "mean": 0.8570530214172913
    }, 
    "total_count": 4584, 
    "crimes": {
        "std": 0.6415807708844572, 
        "mean": 0.08735430346898738
    }, 
    "traffic": {
        "std": 0.7505407070439876, 
        "mean": 0.9285451727884806
    }, 
    "error_count": 0, 
    "success_count": 4584
}