{
    "crashes": {
        "std": 2.8551601842725596, 
        "mean": 0.9156242029036729
    }, 
    "total_count": 4890, 
    "crimes": {
        "std": 0.7104332477730798, 
        "mean": 0.09677965684968283
    }, 
    "traffic": {
        "std": 1.1460361387832807, 
        "mean": 1.1453602105100207
    }, 
    "error_count": 0, 
    "success_count": 4890
}