{
    "crashes": {
        "std": 2.8019353888013745, 
        "mean": 0.9001702951412763
    }, 
    "total_count": 4407, 
    "crimes": {
        "std": 0.625318237147467, 
        "mean": 0.08385505355105498
    }, 
    "traffic": {
        "std": 0.6826684093436959, 
        "mean": 0.8538806493240069
    }, 
    "error_count": 0, 
    "success_count": 4407
}