{
    "crashes": {
        "std": 2.7425319327636757, 
        "mean": 0.9220740796651754
    }, 
    "total_count": 4582, 
    "crimes": {
        "std": 0.5968204330455458, 
        "mean": 0.0704006304100868
    }, 
    "traffic": {
        "std": 0.9821553256647486, 
        "mean": 1.065984619391848
    }, 
    "error_count": 0, 
    "success_count": 4582
}