{
    "crashes": {
        "std": 2.8721529760347777, 
        "mean": 0.9200471856184127
    }, 
    "total_count": 4944, 
    "crimes": {
        "std": 0.5108095899387584, 
        "mean": 0.05813730873394364
    }, 
    "traffic": {
        "std": 0.9622460684398138, 
        "mean": 1.0688173829345666
    }, 
    "error_count": 0, 
    "success_count": 4944
}