{
    "crashes": {
        "std": 2.6018125366215705, 
        "mean": 0.8391657051229418
    }, 
    "total_count": 4596, 
    "crimes": {
        "std": 0.716881129214698, 
        "mean": 0.10444952034960711
    }, 
    "traffic": {
        "std": 0.7367963573125311, 
        "mean": 0.9506103951436954
    }, 
    "error_count": 0, 
    "success_count": 4596
}