{
    "crashes": {
        "std": 2.588994757073831, 
        "mean": 0.8232777930136925
    }, 
    "total_count": 4468, 
    "crimes": {
        "std": 0.6752684620272204, 
        "mean": 0.09527004782846316
    }, 
    "traffic": {
        "std": 0.8148079543728621, 
        "mean": 1.0015016851900198
    }, 
    "error_count": 0, 
    "success_count": 4468
}