{
    "crashes": {
        "std": 2.5524664547833007, 
        "mean": 0.8353334811503157
    }, 
    "total_count": 4461, 
    "crimes": {
        "std": 0.6047724792117084, 
        "mean": 0.07720437955557287
    }, 
    "traffic": {
        "std": 0.8344812327862386, 
        "mean": 0.9638666923967623
    }, 
    "error_count": 0, 
    "success_count": 4461
}