{
    "crashes": {
        "std": 2.7613404343228556, 
        "mean": 0.8826074405796777
    }, 
    "total_count": 4682, 
    "crimes": {
        "std": 0.6636621129315912, 
        "mean": 0.08567793255803065
    }, 
    "traffic": {
        "std": 0.8308647125133807, 
        "mean": 0.9775648623201014
    }, 
    "error_count": 0, 
    "success_count": 4682
}