{
    "crashes": {
        "std": 2.795129101322217, 
        "mean": 0.9132914185374938
    }, 
    "total_count": 4432, 
    "crimes": {
        "std": 0.6517500405646769, 
        "mean": 0.0896272033096043
    }, 
    "traffic": {
        "std": 0.8097092864665235, 
        "mean": 0.9559666683476855
    }, 
    "error_count": 0, 
    "success_count": 4432
}