{
    "crashes": {
        "std": 2.8951900925823084, 
        "mean": 0.9843479873161821
    }, 
    "total_count": 4684, 
    "crimes": {
        "std": 0.6212865150886313, 
        "mean": 0.08523688033832413
    }, 
    "traffic": {
        "std": 0.8899425732127981, 
        "mean": 1.0286729488327973
    }, 
    "error_count": 0, 
    "success_count": 4684
}