{
    "crashes": {
        "std": 2.5247990384313796, 
        "mean": 0.7774506300501283
    }, 
    "total_count": 4090, 
    "crimes": {
        "std": 0.6114020360784685, 
        "mean": 0.07346287236921681
    }, 
    "traffic": {
        "std": 0.6758699482966598, 
        "mean": 0.8904783014055108
    }, 
    "error_count": 0, 
    "success_count": 4090
}