{
    "crashes": {
        "std": 2.397183793845649, 
        "mean": 0.7399434488997498
    }, 
    "total_count": 4012, 
    "crimes": {
        "std": 0.6911577314467633, 
        "mean": 0.10592212429415142
    }, 
    "traffic": {
        "std": 0.6883608017364489, 
        "mean": 0.8840519468376473
    }, 
    "error_count": 0, 
    "success_count": 4012
}