{
    "crashes": {
        "std": 2.9151194162453633, 
        "mean": 0.9054406240736322
    }, 
    "total_count": 4631, 
    "crimes": {
        "std": 0.5523327723496155, 
        "mean": 0.06469450737909813
    }, 
    "traffic": {
        "std": 0.805554739532856, 
        "mean": 1.0108360739525097
    }, 
    "error_count": 0, 
    "success_count": 4631
}