{
    "crashes": {
        "std": 2.6718148380656537, 
        "mean": 0.8106045920249975
    }, 
    "total_count": 4293, 
    "crimes": {
        "std": 0.6009134662973369, 
        "mean": 0.08282954401961161
    }, 
    "traffic": {
        "std": 0.9183595748548725, 
        "mean": 0.9214995356655934
    }, 
    "error_count": 0, 
    "success_count": 4293
}