{
    "crashes": {
        "std": 2.781181757465946, 
        "mean": 0.8912969279448028
    }, 
    "total_count": 4869, 
    "crimes": {
        "std": 0.7326760596646199, 
        "mean": 0.0965947639205674
    }, 
    "traffic": {
        "std": 0.8832707440805322, 
        "mean": 1.0193644166266143
    }, 
    "error_count": 0, 
    "success_count": 4869
}