{
    "crashes": {
        "std": 2.500618774960543, 
        "mean": 0.778541570628771
    }, 
    "total_count": 4313, 
    "crimes": {
        "std": 0.6126782698796299, 
        "mean": 0.0830746029393272
    }, 
    "traffic": {
        "std": 0.7598877768807211, 
        "mean": 0.9210277812756108
    }, 
    "error_count": 0, 
    "success_count": 4313
}