{
    "crashes": {
        "std": 2.7811627431514694, 
        "mean": 0.9325016548483328
    }, 
    "total_count": 4820, 
    "crimes": {
        "std": 0.6547373567102466, 
        "mean": 0.082411296743397
    }, 
    "traffic": {
        "std": 0.8805078239279318, 
        "mean": 1.0116424057076767
    }, 
    "error_count": 0, 
    "success_count": 4820
}