{
    "crashes": {
        "std": 2.466516841204864, 
        "mean": 0.7791783075133852
    }, 
    "total_count": 4746, 
    "crimes": {
        "std": 0.5606863749065581, 
        "mean": 0.06451181662658197
    }, 
    "traffic": {
        "std": 0.8037383377701666, 
        "mean": 0.9900417866147082
    }, 
    "error_count": 0, 
    "success_count": 4746
}