{
    "crashes": {
        "std": 2.7464023963103577, 
        "mean": 0.8637503574931753
    }, 
    "total_count": 4204, 
    "crimes": {
        "std": 0.6888471852216715, 
        "mean": 0.10072925214953582
    }, 
    "traffic": {
        "std": 0.7384247739506198, 
        "mean": 0.9001936002685351
    }, 
    "error_count": 0, 
    "success_count": 4204
}