{
    "crashes": {
        "std": 2.7082902918604876, 
        "mean": 0.8547447859987072
    }, 
    "total_count": 5097, 
    "crimes": {
        "std": 0.6824587562781431, 
        "mean": 0.09099098593254136
    }, 
    "traffic": {
        "std": 0.8351146528314389, 
        "mean": 1.0100447340870102
    }, 
    "error_count": 0, 
    "success_count": 5097
}