{
    "crashes": {
        "std": 2.774623915265359, 
        "mean": 0.9018975303926947
    }, 
    "total_count": 4855, 
    "crimes": {
        "std": 0.5609233263666984, 
        "mean": 0.07091143806253068
    }, 
    "traffic": {
        "std": 0.8175882262614587, 
        "mean": 0.979279111598817
    }, 
    "error_count": 0, 
    "success_count": 4855
}