{
    "crashes": {
        "std": 2.318257412666885, 
        "mean": 0.7291102826419844
    }, 
    "total_count": 4246, 
    "crimes": {
        "std": 0.6746454625137919, 
        "mean": 0.09541292038007335
    }, 
    "traffic": {
        "std": 0.6883590887161389, 
        "mean": 0.878309190920745
    }, 
    "error_count": 0, 
    "success_count": 4246
}