{
    "crashes": {
        "std": 2.6532358299878838, 
        "mean": 0.8495603272723794
    }, 
    "total_count": 4480, 
    "crimes": {
        "std": 0.7063533657024831, 
        "mean": 0.09013069724299877
    }, 
    "traffic": {
        "std": 0.8649750817192475, 
        "mean": 0.9672363715574006
    }, 
    "error_count": 0, 
    "success_count": 4480
}