{
    "crashes": {
        "std": 2.603075202103449, 
        "mean": 0.82612392485146
    }, 
    "total_count": 4274, 
    "crimes": {
        "std": 0.6459875769874192, 
        "mean": 0.09129780193414905
    }, 
    "traffic": {
        "std": 0.7312569612402737, 
        "mean": 0.8775896358748532
    }, 
    "error_count": 0, 
    "success_count": 4274
}