{
    "crashes": {
        "std": 2.416661376056527, 
        "mean": 0.711392115696733
    }, 
    "total_count": 4061, 
    "crimes": {
        "std": 0.6833904455866253, 
        "mean": 0.10334052357561835
    }, 
    "traffic": {
        "std": 0.7417207017884349, 
        "mean": 0.8929735162411873
    }, 
    "error_count": 0, 
    "success_count": 4061
}