{
    "crashes": {
        "std": 0.1327922267889997, 
        "mean": 0.033215679337644965
    }, 
    "total_count": 5584, 
    "crimes": {
        "std": 0.15980880290762164, 
        "mean": 0.014532145330439753
    }, 
    "traffic": {
        "std": 0.21011719483244093, 
        "mean": 0.05197929633053501
    }, 
    "error_count": 3708, 
    "success_count": 1876
}