{
    "crashes": {
        "std": 0.6196314049457841, 
        "mean": 0.08586392554726477
    }, 
    "total_count": 9169, 
    "crimes": {
        "std": 3.065966336789679, 
        "mean": 0.8764775221022287
    }, 
    "traffic": {
        "std": 0.9901065527440605, 
        "mean": 1.390424460028546
    }, 
    "error_count": 0, 
    "success_count": 9169
}