{
    "crashes": {
        "std": 0.5358874787818197, 
        "mean": 0.07766519757623011
    }, 
    "total_count": 8628, 
    "crimes": {
        "std": 2.9604808534563176, 
        "mean": 0.8732847372465797
    }, 
    "traffic": {
        "std": 1.1166749891187362, 
        "mean": 1.4452073119738815
    }, 
    "error_count": 0, 
    "success_count": 8628
}