{
    "crashes": {
        "std": 0.6502421929612573, 
        "mean": 0.10240694768984639
    }, 
    "total_count": 8215, 
    "crimes": {
        "std": 3.12447624496827, 
        "mean": 0.9434117021812233
    }, 
    "traffic": {
        "std": 0.9044175241265068, 
        "mean": 1.3244970200909112
    }, 
    "error_count": 0, 
    "success_count": 8215
}