{
    "crashes": {
        "std": 0.7335677366816418, 
        "mean": 0.10181241406230607
    }, 
    "total_count": 8024, 
    "crimes": {
        "std": 3.02655355525082, 
        "mean": 0.8963331231006509
    }, 
    "traffic": {
        "std": 0.9735988175867933, 
        "mean": 1.3611394608017287
    }, 
    "error_count": 0, 
    "success_count": 8024
}