{
    "crashes": {
        "std": 0.636649801750762, 
        "mean": 0.0942743974040721
    }, 
    "total_count": 7422, 
    "crimes": {
        "std": 2.8332900264677856, 
        "mean": 0.8677384472914116
    }, 
    "traffic": {
        "std": 0.9505697669790143, 
        "mean": 1.3457406808235635
    }, 
    "error_count": 0, 
    "success_count": 7422
}