{
    "crashes": {
        "std": 0.5201694411407332, 
        "mean": 0.06906280611106567
    }, 
    "total_count": 7872, 
    "crimes": {
        "std": 2.873648066243926, 
        "mean": 0.8730235479535796
    }, 
    "traffic": {
        "std": 1.0660031328276354, 
        "mean": 1.3725596446181216
    }, 
    "error_count": 0, 
    "success_count": 7872
}