{
    "crashes": {
        "std": 0.6348491401159729, 
        "mean": 0.09731740608711159
    }, 
    "total_count": 8406, 
    "crimes": {
        "std": 2.952612635600729, 
        "mean": 0.8620925372593526
    }, 
    "traffic": {
        "std": 1.0005172026376858, 
        "mean": 1.3878488943545726
    }, 
    "error_count": 0, 
    "success_count": 8406
}