{
    "crashes": {
        "std": 0.663916813583758, 
        "mean": 0.10219042839971376
    }, 
    "total_count": 8161, 
    "crimes": {
        "std": 3.0607245105987984, 
        "mean": 0.9150325750782721
    }, 
    "traffic": {
        "std": 0.8333590653651014, 
        "mean": 1.2208137844217188
    }, 
    "error_count": 0, 
    "success_count": 8161
}