{
    "crashes": {
        "std": 0.544708433875247, 
        "mean": 0.08124954432453266
    }, 
    "total_count": 8665, 
    "crimes": {
        "std": 3.063713753095954, 
        "mean": 0.9276340184309881
    }, 
    "traffic": {
        "std": 1.0447775085770303, 
        "mean": 1.3643303193696195
    }, 
    "error_count": 0, 
    "success_count": 8665
}