{
    "crashes": {
        "std": 0.7546533240802045, 
        "mean": 0.12156342659292659
    }, 
    "total_count": 7237, 
    "crimes": {
        "std": 2.9187523636267345, 
        "mean": 0.8587110298334358
    }, 
    "traffic": {
        "std": 0.9569457093851516, 
        "mean": 1.3117846145008145
    }, 
    "error_count": 0, 
    "success_count": 7237
}