{
    "crashes": {
        "std": 0.7677045285644591, 
        "mean": 0.10800570124191508
    }, 
    "total_count": 8211, 
    "crimes": {
        "std": 3.0134225892734343, 
        "mean": 0.9001616208957002
    }, 
    "traffic": {
        "std": 0.8763202903533501, 
        "mean": 1.35862156882912
    }, 
    "error_count": 0, 
    "success_count": 8211
}