{
    "crashes": {
        "std": 0.5243538809644819, 
        "mean": 0.07435836234639887
    }, 
    "total_count": 8652, 
    "crimes": {
        "std": 3.050043896151403, 
        "mean": 0.8895267816167746
    }, 
    "traffic": {
        "std": 0.9116547043841956, 
        "mean": 1.291422430454181
    }, 
    "error_count": 0, 
    "success_count": 8652
}