{
    "crashes": {
        "std": 0.4721479771538305, 
        "mean": 0.06178822680678885
    }, 
    "total_count": 9475, 
    "crimes": {
        "std": 3.167587940165516, 
        "mean": 0.9373538513873388
    }, 
    "traffic": {
        "std": 0.9562188069881922, 
        "mean": 1.4012237523874447
    }, 
    "error_count": 0, 
    "success_count": 9475
}