{
    "crashes": {
        "std": 0.6987012387194177, 
        "mean": 0.10631939063624112
    }, 
    "total_count": 9060, 
    "crimes": {
        "std": 3.1460497405078405, 
        "mean": 0.9921141786298325
    }, 
    "traffic": {
        "std": 1.1037034180300707, 
        "mean": 1.472052857096627
    }, 
    "error_count": 0, 
    "success_count": 9060
}