{
    "crashes": {
        "std": 0.6840264134567839, 
        "mean": 0.09354995211681606
    }, 
    "total_count": 7310, 
    "crimes": {
        "std": 2.8659603352804184, 
        "mean": 0.8674243629666187
    }, 
    "traffic": {
        "std": 0.9873261308518423, 
        "mean": 1.3612780364144628
    }, 
    "error_count": 0, 
    "success_count": 7310
}