{
    "crashes": {
        "std": 0.5848852240606496, 
        "mean": 0.0933778232682578
    }, 
    "total_count": 8886, 
    "crimes": {
        "std": 3.149125789705899, 
        "mean": 0.9296986739073939
    }, 
    "traffic": {
        "std": 1.105628387697339, 
        "mean": 1.4459843151821896
    }, 
    "error_count": 0, 
    "success_count": 8886
}