{
    "crashes": {
        "std": 0.6647660011958507, 
        "mean": 0.0978378875924983
    }, 
    "total_count": 8335, 
    "crimes": {
        "std": 3.109984744493907, 
        "mean": 0.937500939156819
    }, 
    "traffic": {
        "std": 1.0883538167332647, 
        "mean": 1.443871739222556
    }, 
    "error_count": 0, 
    "success_count": 8335
}