{
    "crashes": {
        "std": 0.5797327806117694, 
        "mean": 0.08298205132156328
    }, 
    "total_count": 8891, 
    "crimes": {
        "std": 2.976240923290137, 
        "mean": 0.8622835785742713
    }, 
    "traffic": {
        "std": 0.9343801206083447, 
        "mean": 1.3413738873677123
    }, 
    "error_count": 0, 
    "success_count": 8891
}