{
    "crashes": {
        "std": 0.5734780271452685, 
        "mean": 0.07841461576135535
    }, 
    "total_count": 9042, 
    "crimes": {
        "std": 2.952166235420917, 
        "mean": 0.9037958099159117
    }, 
    "traffic": {
        "std": 1.0420099140621097, 
        "mean": 1.4263055505362523
    }, 
    "error_count": 0, 
    "success_count": 9042
}