{
    "crashes": {
        "std": 0.5776259593158333, 
        "mean": 0.07957321584386898
    }, 
    "total_count": 9079, 
    "crimes": {
        "std": 3.113579038408467, 
        "mean": 0.9214612858348833
    }, 
    "traffic": {
        "std": 0.9967141821604044, 
        "mean": 1.4219659594683942
    }, 
    "error_count": 0, 
    "success_count": 9079
}