{
    "crashes": {
        "std": 0.505788720448554, 
        "mean": 0.07140519002093354
    }, 
    "total_count": 9319, 
    "crimes": {
        "std": 2.9195911616965597, 
        "mean": 0.862987620270427
    }, 
    "traffic": {
        "std": 1.0538342750926053, 
        "mean": 1.487734883420468
    }, 
    "error_count": 0, 
    "success_count": 9319
}