{
    "crashes": {
        "std": 0.7529267094121025, 
        "mean": 0.11690808623135031
    }, 
    "total_count": 7937, 
    "crimes": {
        "std": 3.173458659913214, 
        "mean": 0.9680018046662137
    }, 
    "traffic": {
        "std": 0.8372803835594251, 
        "mean": 1.2819418264708229
    }, 
    "error_count": 0, 
    "success_count": 7937
}