{
    "crashes": {
        "std": 0.5545058468224742, 
        "mean": 0.08171469500012706
    }, 
    "total_count": 8479, 
    "crimes": {
        "std": 3.0662645766730705, 
        "mean": 0.8969044088854023
    }, 
    "traffic": {
        "std": 0.8483528660514875, 
        "mean": 1.2613762723864554
    }, 
    "error_count": 0, 
    "success_count": 8479
}