{
    "crashes": {
        "std": 0.7785088606642048, 
        "mean": 0.11192422989597103
    }, 
    "total_count": 7982, 
    "crimes": {
        "std": 3.1002947638356844, 
        "mean": 0.8938657218539484
    }, 
    "traffic": {
        "std": 0.9593571596979286, 
        "mean": 1.3229454124778903
    }, 
    "error_count": 0, 
    "success_count": 7982
}