{
    "crashes": {
        "std": 0.7713024149547976, 
        "mean": 0.11436261476565826
    }, 
    "total_count": 7844, 
    "crimes": {
        "std": 2.9857050405754673, 
        "mean": 0.8708307764947453
    }, 
    "traffic": {
        "std": 1.0157291222929543, 
        "mean": 1.4426330971546013
    }, 
    "error_count": 0, 
    "success_count": 7844
}