{
    "crashes": {
        "std": 0.46421102032804207, 
        "mean": 0.07308071027994692
    }, 
    "total_count": 9011, 
    "crimes": {
        "std": 3.010271670002777, 
        "mean": 0.8828823889523095
    }, 
    "traffic": {
        "std": 1.0784338158444042, 
        "mean": 1.43810707819871
    }, 
    "error_count": 0, 
    "success_count": 9011
}