{
    "crashes": {
        "std": 0.7567244090483762, 
        "mean": 0.11301821525226124
    }, 
    "total_count": 7882, 
    "crimes": {
        "std": 3.235096045387796, 
        "mean": 0.944517683479337
    }, 
    "traffic": {
        "std": 0.881085520871621, 
        "mean": 1.2980295456274646
    }, 
    "error_count": 0, 
    "success_count": 7882
}