{
    "crashes": {
        "std": 0.6664914530232929, 
        "mean": 0.09367258879109047
    }, 
    "total_count": 9057, 
    "crimes": {
        "std": 2.9800805233306003, 
        "mean": 0.8906572285417259
    }, 
    "traffic": {
        "std": 1.0525721703452406, 
        "mean": 1.3869684921754588
    }, 
    "error_count": 0, 
    "success_count": 9057
}