{
    "crashes": {
        "std": 0.5825567804380004, 
        "mean": 0.07772575053652593
    }, 
    "total_count": 10014, 
    "crimes": {
        "std": 2.8768543269131475, 
        "mean": 0.8479559979778848
    }, 
    "traffic": {
        "std": 1.003777761120405, 
        "mean": 1.4112055623545812
    }, 
    "error_count": 0, 
    "success_count": 10014
}