{
    "crashes": {
        "std": 0.6541663967204865, 
        "mean": 0.08631954449353572
    }, 
    "total_count": 8099, 
    "crimes": {
        "std": 3.049245894463903, 
        "mean": 0.8853254495416221
    }, 
    "traffic": {
        "std": 0.8480698290717615, 
        "mean": 1.2477855357950511
    }, 
    "error_count": 0, 
    "success_count": 8099
}