{
    "crashes": {
        "std": 0.5089550564190163, 
        "mean": 0.0733800823391034
    }, 
    "total_count": 8486, 
    "crimes": {
        "std": 3.1424978736577094, 
        "mean": 0.9722207139767421
    }, 
    "traffic": {
        "std": 0.9908272911064834, 
        "mean": 1.358529259528063
    }, 
    "error_count": 0, 
    "success_count": 8486
}