{
    "crashes": {
        "std": 0.7392857939516241, 
        "mean": 0.10635196124058235
    }, 
    "total_count": 8954, 
    "crimes": {
        "std": 2.9203937253473433, 
        "mean": 0.8236191432881286
    }, 
    "traffic": {
        "std": 0.9149612989153908, 
        "mean": 1.4169319361149453
    }, 
    "error_count": 0, 
    "success_count": 8954
}