{
    "crashes": {
        "std": 0.6300143986888171, 
        "mean": 0.08310622892952461
    }, 
    "total_count": 8235, 
    "crimes": {
        "std": 2.9891690133371314, 
        "mean": 0.8878327844436811
    }, 
    "traffic": {
        "std": 0.9918288744265525, 
        "mean": 1.4440789374748497
    }, 
    "error_count": 0, 
    "success_count": 8235
}