{
    "crashes": {
        "std": 0.11985538130114788, 
        "mean": 0.009846513285280288
    }, 
    "total_count": 3034, 
    "crimes": {
        "std": 0.2570066427077676, 
        "mean": 0.05307798414358779
    }, 
    "traffic": {
        "std": 0.21966505129874828, 
        "mean": 0.05853695477760503
    }, 
    "error_count": 2117, 
    "success_count": 917
}