{
    "crashes": {
        "std": 0.9765060212039646, 
        "mean": 0.12164842397004702
    }, 
    "total_count": 3671, 
    "crimes": {
        "std": 2.5392380513711874, 
        "mean": 0.6435365929776586
    }, 
    "traffic": {
        "std": 1.5339464837605936, 
        "mean": 2.0120950580818056
    }, 
    "error_count": 0, 
    "success_count": 3671
}