{
    "crashes": {
        "std": 0.8876267658261789, 
        "mean": 0.11737914271028538
    }, 
    "total_count": 3460, 
    "crimes": {
        "std": 2.672938815111969, 
        "mean": 0.7367985850827552
    }, 
    "traffic": {
        "std": 1.3941953098016941, 
        "mean": 1.8981200175564454
    }, 
    "error_count": 0, 
    "success_count": 3460
}