{
    "crashes": {
        "std": 0.9533504241485733, 
        "mean": 0.12874815396173442
    }, 
    "total_count": 4021, 
    "crimes": {
        "std": 2.5710333174353606, 
        "mean": 0.678232015049256
    }, 
    "traffic": {
        "std": 1.5561562929877801, 
        "mean": 2.1607665726749468
    }, 
    "error_count": 0, 
    "success_count": 4021
}