{
    "crashes": {
        "std": 1.007828875842686, 
        "mean": 0.1388070021603026
    }, 
    "total_count": 3415, 
    "crimes": {
        "std": 2.546895926243195, 
        "mean": 0.6679189360229932
    }, 
    "traffic": {
        "std": 1.3620623272469337, 
        "mean": 1.8280647142065123
    }, 
    "error_count": 0, 
    "success_count": 3415
}