{
    "crashes": {
        "std": 0.944809221339588, 
        "mean": 0.12522010929832345
    }, 
    "total_count": 3633, 
    "crimes": {
        "std": 2.627502257923642, 
        "mean": 0.7289751830225982
    }, 
    "traffic": {
        "std": 1.4940388666510729, 
        "mean": 1.9909865408996763
    }, 
    "error_count": 0, 
    "success_count": 3633
}