{
    "crashes": {
        "std": 0.9429807153713451, 
        "mean": 0.13269698182471346
    }, 
    "total_count": 3528, 
    "crimes": {
        "std": 2.586162402831693, 
        "mean": 0.708155811712333
    }, 
    "traffic": {
        "std": 1.4620937576306883, 
        "mean": 1.910452433031858
    }, 
    "error_count": 0, 
    "success_count": 3528
}