{
    "crashes": {
        "std": 1.0057992289081694, 
        "mean": 0.1420513244717488
    }, 
    "total_count": 3483, 
    "crimes": {
        "std": 2.509162318056358, 
        "mean": 0.6456317222750704
    }, 
    "traffic": {
        "std": 1.46434378284809, 
        "mean": 1.9570171301243096
    }, 
    "error_count": 0, 
    "success_count": 3483
}