{
    "crashes": {
        "std": 0.9425389129729517, 
        "mean": 0.13326505425134919
    }, 
    "total_count": 3598, 
    "crimes": {
        "std": 2.893327560329974, 
        "mean": 0.8454687801053935
    }, 
    "traffic": {
        "std": 1.468413091359998, 
        "mean": 1.947980543518437
    }, 
    "error_count": 0, 
    "success_count": 3598
}