{
    "crashes": {
        "std": 0.9736371158565454, 
        "mean": 0.12097951345936554
    }, 
    "total_count": 3567, 
    "crimes": {
        "std": 2.6651938062049556, 
        "mean": 0.7252908090386941
    }, 
    "traffic": {
        "std": 1.3680962162706165, 
        "mean": 1.852236304929898
    }, 
    "error_count": 0, 
    "success_count": 3567
}