{
    "crashes": {
        "std": 1.1352134574851918, 
        "mean": 0.1572589433612154
    }, 
    "total_count": 3663, 
    "crimes": {
        "std": 2.699657398392216, 
        "mean": 0.7504096585334527
    }, 
    "traffic": {
        "std": 1.4815597393197701, 
        "mean": 1.9949429348066026
    }, 
    "error_count": 0, 
    "success_count": 3663
}