{
    "crashes": {
        "std": 0.9561743153504957, 
        "mean": 0.12838607530516646
    }, 
    "total_count": 3692, 
    "crimes": {
        "std": 2.4102440339148994, 
        "mean": 0.6651944351546516
    }, 
    "traffic": {
        "std": 1.5057162564377635, 
        "mean": 2.0108831182731777
    }, 
    "error_count": 0, 
    "success_count": 3692
}