{
    "crashes": {
        "std": 0.9181113909880773, 
        "mean": 0.12369329014268274
    }, 
    "total_count": 3515, 
    "crimes": {
        "std": 2.5873886363212253, 
        "mean": 0.6933527162324887
    }, 
    "traffic": {
        "std": 1.4054996657118486, 
        "mean": 1.9032563153906583
    }, 
    "error_count": 0, 
    "success_count": 3515
}