{
    "crashes": {
        "std": 0.7863507133192208, 
        "mean": 0.09934099486739348
    }, 
    "total_count": 3483, 
    "crimes": {
        "std": 2.562616581745966, 
        "mean": 0.6999240203619609
    }, 
    "traffic": {
        "std": 1.3731554421331489, 
        "mean": 1.9224527786577794
    }, 
    "error_count": 0, 
    "success_count": 3483
}