{
    "crashes": {
        "std": 0.9934985834766222, 
        "mean": 0.144544016428379
    }, 
    "total_count": 3695, 
    "crimes": {
        "std": 2.5373606366376578, 
        "mean": 0.6867132096939436
    }, 
    "traffic": {
        "std": 1.3953634883396107, 
        "mean": 1.9603226110035357
    }, 
    "error_count": 0, 
    "success_count": 3695
}