{
    "crashes": {
        "std": 1.0370801743157492, 
        "mean": 0.14703421077964532
    }, 
    "total_count": 3591, 
    "crimes": {
        "std": 2.541994779771094, 
        "mean": 0.6851138499202913
    }, 
    "traffic": {
        "std": 1.4104054562590325, 
        "mean": 1.889026474187604
    }, 
    "error_count": 0, 
    "success_count": 3591
}