{
    "crashes": {
        "std": 1.0157392550992754, 
        "mean": 0.1365347170532637
    }, 
    "total_count": 3671, 
    "crimes": {
        "std": 2.613523606555287, 
        "mean": 0.7032119729532436
    }, 
    "traffic": {
        "std": 1.4266904874233302, 
        "mean": 1.9542308351394928
    }, 
    "error_count": 0, 
    "success_count": 3671
}