{
    "crashes": {
        "std": 1.0310118883323067, 
        "mean": 0.14006883535997133
    }, 
    "total_count": 3566, 
    "crimes": {
        "std": 2.5639733820155297, 
        "mean": 0.6855567549737076
    }, 
    "traffic": {
        "std": 1.4487128458099654, 
        "mean": 1.939743287137415
    }, 
    "error_count": 0, 
    "success_count": 3566
}