{
    "crashes": {
        "std": 1.010608326146386, 
        "mean": 0.13844018841166686
    }, 
    "total_count": 3661, 
    "crimes": {
        "std": 2.8567896110427133, 
        "mean": 0.7807167756747732
    }, 
    "traffic": {
        "std": 1.4244898490247375, 
        "mean": 1.9251821705032455
    }, 
    "error_count": 0, 
    "success_count": 3661
}