{
    "crashes": {
        "std": 1.0145551530626635, 
        "mean": 0.13374698754599174
    }, 
    "total_count": 3615, 
    "crimes": {
        "std": 2.6074483240314623, 
        "mean": 0.6940146629849759
    }, 
    "traffic": {
        "std": 1.4592688745639522, 
        "mean": 1.9824698846275874
    }, 
    "error_count": 0, 
    "success_count": 3615
}