{
    "crashes": {
        "std": 0.9348323830247395, 
        "mean": 0.120391122551323
    }, 
    "total_count": 3594, 
    "crimes": {
        "std": 2.5390909383427633, 
        "mean": 0.6837091829238868
    }, 
    "traffic": {
        "std": 1.3810323610452009, 
        "mean": 1.8924365835337975
    }, 
    "error_count": 0, 
    "success_count": 3594
}