{
    "crashes": {
        "std": 0.9053898950129694, 
        "mean": 0.12044286765403592
    }, 
    "total_count": 3809, 
    "crimes": {
        "std": 2.4927497720426723, 
        "mean": 0.6637136754512799
    }, 
    "traffic": {
        "std": 1.4359158463789934, 
        "mean": 1.9853243168642543
    }, 
    "error_count": 0, 
    "success_count": 3809
}