{
    "crashes": {
        "std": 0.8399019975181674, 
        "mean": 0.12651569412167205
    }, 
    "total_count": 3487, 
    "crimes": {
        "std": 2.531084613216224, 
        "mean": 0.6600551102130594
    }, 
    "traffic": {
        "std": 1.3965726260808546, 
        "mean": 1.877982389450404
    }, 
    "error_count": 0, 
    "success_count": 3487
}