{
    "crashes": {
        "std": 1.0971303688114697, 
        "mean": 0.1601913775822604
    }, 
    "total_count": 3605, 
    "crimes": {
        "std": 2.687991333597488, 
        "mean": 0.7499928673111018
    }, 
    "traffic": {
        "std": 1.3921045084474986, 
        "mean": 1.9274064365934698
    }, 
    "error_count": 0, 
    "success_count": 3605
}