{
    "crashes": {
        "std": 0.9971580702547783, 
        "mean": 0.14972801235390124
    }, 
    "total_count": 3466, 
    "crimes": {
        "std": 2.735307065373499, 
        "mean": 0.7506383223776741
    }, 
    "traffic": {
        "std": 1.4643175891243214, 
        "mean": 1.9436986678226364
    }, 
    "error_count": 0, 
    "success_count": 3466
}