{
    "crashes": {
        "std": 0.8755662574745459, 
        "mean": 0.1198068494523845
    }, 
    "total_count": 3542, 
    "crimes": {
        "std": 2.486906604461177, 
        "mean": 0.667823978535542
    }, 
    "traffic": {
        "std": 1.4591143916712945, 
        "mean": 1.9734559401993805
    }, 
    "error_count": 0, 
    "success_count": 3542
}