{
    "crashes": {
        "std": 0.8335084511714879, 
        "mean": 0.10803920730210201
    }, 
    "total_count": 3563, 
    "crimes": {
        "std": 2.6038653906795406, 
        "mean": 0.7234678815412614
    }, 
    "traffic": {
        "std": 1.3841882121147886, 
        "mean": 1.9322040007173764
    }, 
    "error_count": 0, 
    "success_count": 3563
}