{
    "crashes": {
        "std": 1.052432619275675, 
        "mean": 0.12364002026287942
    }, 
    "total_count": 3661, 
    "crimes": {
        "std": 2.838277852629004, 
        "mean": 0.8100187679195018
    }, 
    "traffic": {
        "std": 1.4216306609552336, 
        "mean": 1.9790758090503375
    }, 
    "error_count": 0, 
    "success_count": 3661
}