{
    "crashes": {
        "std": 0.9220107806192325, 
        "mean": 0.1190704130039032
    }, 
    "total_count": 3705, 
    "crimes": {
        "std": 2.543549791568111, 
        "mean": 0.7059276794288452
    }, 
    "traffic": {
        "std": 1.371084152899411, 
        "mean": 1.937358914954757
    }, 
    "error_count": 0, 
    "success_count": 3705
}