{
    "crashes": {
        "std": 0.9678222184432133, 
        "mean": 0.13361388082707912
    }, 
    "total_count": 4076, 
    "crimes": {
        "std": 2.558051738557042, 
        "mean": 0.6748676481870913
    }, 
    "traffic": {
        "std": 1.514420818384235, 
        "mean": 2.0703367368051784
    }, 
    "error_count": 0, 
    "success_count": 4076
}