{
    "crashes": {
        "std": 0.9035694096362662, 
        "mean": 0.1137238906295417
    }, 
    "total_count": 3380, 
    "crimes": {
        "std": 2.542564481198735, 
        "mean": 0.6884529803346146
    }, 
    "traffic": {
        "std": 1.3720834305216472, 
        "mean": 1.8534126637150137
    }, 
    "error_count": 0, 
    "success_count": 3380
}