{
    "crashes": {
        "std": 0.9254338754464242, 
        "mean": 0.12285276915764844
    }, 
    "total_count": 3596, 
    "crimes": {
        "std": 2.6100103847609084, 
        "mean": 0.6910522957931517
    }, 
    "traffic": {
        "std": 1.3824053245268537, 
        "mean": 1.9711377450265528
    }, 
    "error_count": 0, 
    "success_count": 3596
}