{
    "crashes": {
        "std": 0.9149152455780539, 
        "mean": 0.12510929766527357
    }, 
    "total_count": 3457, 
    "crimes": {
        "std": 2.5692452327578716, 
        "mean": 0.6761615321850736
    }, 
    "traffic": {
        "std": 1.4127104994799315, 
        "mean": 1.9207260855636923
    }, 
    "error_count": 0, 
    "success_count": 3457
}