{
    "crashes": {
        "std": 0.883458495076345, 
        "mean": 0.10875116727437276
    }, 
    "total_count": 3638, 
    "crimes": {
        "std": 2.7226797101998748, 
        "mean": 0.7522777165952146
    }, 
    "traffic": {
        "std": 1.479254282340359, 
        "mean": 2.0058634916546985
    }, 
    "error_count": 0, 
    "success_count": 3638
}