{
    "crashes": {
        "std": 0.11374316255629674, 
        "mean": 0.00886186195675226
    }, 
    "total_count": 3153, 
    "crimes": {
        "std": 0.24433732312602902, 
        "mean": 0.04777018572922901
    }, 
    "traffic": {
        "std": 0.21096069967722755, 
        "mean": 0.05366105221468214
    }, 
    "error_count": 1406, 
    "success_count": 1747
}