{
    "crashes": {
        "std": 0.6915701737042197, 
        "mean": 0.10229351430673513
    }, 
    "total_count": 8886, 
    "crimes": {
        "std": 3.0011652044169326, 
        "mean": 0.8817382060456137
    }, 
    "traffic": {
        "std": 1.0409204656840083, 
        "mean": 1.3990736027635953
    }, 
    "error_count": 0, 
    "success_count": 8886
}