{
    "crashes": {
        "std": 0.5518059641146501, 
        "mean": 0.07620945738428817
    }, 
    "total_count": 8839, 
    "crimes": {
        "std": 3.021035008803294, 
        "mean": 0.9034928643082185
    }, 
    "traffic": {
        "std": 1.0974081435970715, 
        "mean": 1.4795010821289998
    }, 
    "error_count": 0, 
    "success_count": 8839
}