{
    "crashes": {
        "std": 0.6467441377351343, 
        "mean": 0.10280733306990938
    }, 
    "total_count": 7812, 
    "crimes": {
        "std": 3.289331306356122, 
        "mean": 0.9729995780380745
    }, 
    "traffic": {
        "std": 0.9208917614735358, 
        "mean": 1.3150594277314331
    }, 
    "error_count": 0, 
    "success_count": 7812
}