{
    "crashes": {
        "std": 0.6485455490926065, 
        "mean": 0.08395852515088399
    }, 
    "total_count": 8590, 
    "crimes": {
        "std": 2.93562703374592, 
        "mean": 0.8951812963560645
    }, 
    "traffic": {
        "std": 1.0625146486846777, 
        "mean": 1.45882764751485
    }, 
    "error_count": 0, 
    "success_count": 8590
}