{
    "crashes": {
        "std": 0.5714804105478954, 
        "mean": 0.07264359436312003
    }, 
    "total_count": 7905, 
    "crimes": {
        "std": 3.1254926855630067, 
        "mean": 0.9377476172517087
    }, 
    "traffic": {
        "std": 0.8621741575052005, 
        "mean": 1.299715693950869
    }, 
    "error_count": 0, 
    "success_count": 7905
}