{
    "crashes": {
        "std": 0.5458865161992575, 
        "mean": 0.07665320186495822
    }, 
    "total_count": 8126, 
    "crimes": {
        "std": 3.0854247465595126, 
        "mean": 0.9391679395926936
    }, 
    "traffic": {
        "std": 1.048125380964621, 
        "mean": 1.3760550171066708
    }, 
    "error_count": 0, 
    "success_count": 8126
}