{
    "crashes": {
        "std": 0.6401794731690977, 
        "mean": 0.09462192222014759
    }, 
    "total_count": 8566, 
    "crimes": {
        "std": 2.99505477057875, 
        "mean": 0.8780169330997944
    }, 
    "traffic": {
        "std": 0.9454947124606691, 
        "mean": 1.3609339891828647
    }, 
    "error_count": 0, 
    "success_count": 8566
}