{
    "crashes": {
        "std": 0.6668446440037026, 
        "mean": 0.10131185217423173
    }, 
    "total_count": 7559, 
    "crimes": {
        "std": 2.970182497454904, 
        "mean": 0.8973066132605338
    }, 
    "traffic": {
        "std": 1.0021205013750967, 
        "mean": 1.3217505595448944
    }, 
    "error_count": 0, 
    "success_count": 7559
}