{
    "crashes": {
        "std": 0.5726389641035996, 
        "mean": 0.08586316314438473
    }, 
    "total_count": 8669, 
    "crimes": {
        "std": 3.046942596362186, 
        "mean": 0.9061357955320758
    }, 
    "traffic": {
        "std": 1.0569285815646579, 
        "mean": 1.3728588128046162
    }, 
    "error_count": 0, 
    "success_count": 8669
}