{
    "crashes": {
        "std": 0.7643527412178425, 
        "mean": 0.1144198418379787
    }, 
    "total_count": 7851, 
    "crimes": {
        "std": 3.112771199758913, 
        "mean": 0.9247157904568967
    }, 
    "traffic": {
        "std": 0.8794646729721407, 
        "mean": 1.2796895459778235
    }, 
    "error_count": 0, 
    "success_count": 7851
}