{
    "crashes": {
        "std": 0.8083233354342094, 
        "mean": 0.1113478140357673
    }, 
    "total_count": 8357, 
    "crimes": {
        "std": 2.9572013010988845, 
        "mean": 0.8663739978045064
    }, 
    "traffic": {
        "std": 0.90957821666421, 
        "mean": 1.3799990992063014
    }, 
    "error_count": 0, 
    "success_count": 8357
}