{
    "crashes": {
        "std": 0.5335399762388093, 
        "mean": 0.08362721060370659
    }, 
    "total_count": 7489, 
    "crimes": {
        "std": 2.9083631627067734, 
        "mean": 0.8637073920556576
    }, 
    "traffic": {
        "std": 0.9613330542693862, 
        "mean": 1.3255672681880437
    }, 
    "error_count": 0, 
    "success_count": 7489
}