{
    "crashes": {
        "std": 0.5832962725748442, 
        "mean": 0.08140619577936238
    }, 
    "total_count": 9271, 
    "crimes": {
        "std": 3.0142262897622296, 
        "mean": 0.879947429579454
    }, 
    "traffic": {
        "std": 0.9850774656141881, 
        "mean": 1.4151268070254353
    }, 
    "error_count": 0, 
    "success_count": 9271
}