{
    "crashes": {
        "std": 0.639318824805716, 
        "mean": 0.09237358503969861
    }, 
    "total_count": 8789, 
    "crimes": {
        "std": 3.070396324557854, 
        "mean": 0.9589957168578318
    }, 
    "traffic": {
        "std": 1.0859691242770908, 
        "mean": 1.4561770191270629
    }, 
    "error_count": 0, 
    "success_count": 8789
}