{
    "crashes": {
        "std": 0.651355894527569, 
        "mean": 0.08393764570811221
    }, 
    "total_count": 8225, 
    "crimes": {
        "std": 2.995195930497018, 
        "mean": 0.8867668525814393
    }, 
    "traffic": {
        "std": 0.9588349723184808, 
        "mean": 1.312788605732285
    }, 
    "error_count": 0, 
    "success_count": 8225
}