{
    "crashes": {
        "std": 0.5312681885032975, 
        "mean": 0.0854415578358692
    }, 
    "total_count": 8432, 
    "crimes": {
        "std": 2.9369331005358315, 
        "mean": 0.8730881408487227
    }, 
    "traffic": {
        "std": 1.0153606059480138, 
        "mean": 1.4777783333069971
    }, 
    "error_count": 0, 
    "success_count": 8432
}