{
    "crashes": {
        "std": 0.5605979392517458, 
        "mean": 0.0767509835271454
    }, 
    "total_count": 8366, 
    "crimes": {
        "std": 3.0929665080430264, 
        "mean": 0.9183595201236628
    }, 
    "traffic": {
        "std": 0.9068949454986271, 
        "mean": 1.3384677520768014
    }, 
    "error_count": 0, 
    "success_count": 8366
}