{
    "crashes": {
        "std": 0.5868442541788809, 
        "mean": 0.08327702495793382
    }, 
    "total_count": 8999, 
    "crimes": {
        "std": 2.948212702715658, 
        "mean": 0.8714118685808957
    }, 
    "traffic": {
        "std": 0.968493023631113, 
        "mean": 1.4079212998744113
    }, 
    "error_count": 0, 
    "success_count": 8999
}