{
    "crashes": {
        "std": 0.580839819108066, 
        "mean": 0.07475959296860614
    }, 
    "total_count": 8766, 
    "crimes": {
        "std": 2.9784658451408763, 
        "mean": 0.894787046820702
    }, 
    "traffic": {
        "std": 0.988311966917254, 
        "mean": 1.3415489048385556
    }, 
    "error_count": 0, 
    "success_count": 8766
}