{
    "crashes": {
        "std": 0.5818186702240248, 
        "mean": 0.08108144290727232
    }, 
    "total_count": 9142, 
    "crimes": {
        "std": 2.8949964640558807, 
        "mean": 0.8542711254171287
    }, 
    "traffic": {
        "std": 0.9962926154803031, 
        "mean": 1.442649064339344
    }, 
    "error_count": 0, 
    "success_count": 9142
}