{
    "crashes": {
        "std": 0.5002993302701837, 
        "mean": 0.061455620769833415
    }, 
    "total_count": 9665, 
    "crimes": {
        "std": 3.11866366134143, 
        "mean": 0.8971698344855912
    }, 
    "traffic": {
        "std": 1.1702381950360938, 
        "mean": 1.573915052214561
    }, 
    "error_count": 0, 
    "success_count": 9665
}