{
    "crashes": {
        "std": 0.6681109012299823, 
        "mean": 0.09886681819562503
    }, 
    "total_count": 8001, 
    "crimes": {
        "std": 2.906574172787602, 
        "mean": 0.8666874474017404
    }, 
    "traffic": {
        "std": 0.8832096204534033, 
        "mean": 1.2836177435748903
    }, 
    "error_count": 0, 
    "success_count": 8001
}