{
    "crashes": {
        "std": 0.6054264268352723, 
        "mean": 0.08381238246619752
    }, 
    "total_count": 8613, 
    "crimes": {
        "std": 3.0165971946775554, 
        "mean": 0.9072433780595603
    }, 
    "traffic": {
        "std": 0.8489194648037968, 
        "mean": 1.2555658625721564
    }, 
    "error_count": 0, 
    "success_count": 8613
}