{
    "crashes": {
        "std": 0.7411347131286823, 
        "mean": 0.10969783463813453
    }, 
    "total_count": 7924, 
    "crimes": {
        "std": 3.1556436169284856, 
        "mean": 0.9146683337403414
    }, 
    "traffic": {
        "std": 0.9249499840223139, 
        "mean": 1.3420262507004594
    }, 
    "error_count": 0, 
    "success_count": 7924
}