{
    "crashes": {
        "std": 0.7684784801429647, 
        "mean": 0.10822126959825235
    }, 
    "total_count": 8818, 
    "crimes": {
        "std": 2.9159383307173248, 
        "mean": 0.8427396290559038
    }, 
    "traffic": {
        "std": 1.0419947215132968, 
        "mean": 1.4394887114141994
    }, 
    "error_count": 0, 
    "success_count": 8818
}