{
    "crashes": {
        "std": 0.48908851566953154, 
        "mean": 0.07442394788251513
    }, 
    "total_count": 8555, 
    "crimes": {
        "std": 2.7708109301478596, 
        "mean": 0.7925268639839829
    }, 
    "traffic": {
        "std": 1.032859933107069, 
        "mean": 1.4219427050770541
    }, 
    "error_count": 0, 
    "success_count": 8555
}