{
    "crashes": {
        "std": 0.7603271591012932, 
        "mean": 0.10832067551681551
    }, 
    "total_count": 8057, 
    "crimes": {
        "std": 3.0281175062538894, 
        "mean": 0.920725891255343
    }, 
    "traffic": {
        "std": 1.0042974231595734, 
        "mean": 1.3665922829613069
    }, 
    "error_count": 0, 
    "success_count": 8057
}