{
    "crashes": {
        "std": 0.6335173988570041, 
        "mean": 0.08575830482153246
    }, 
    "total_count": 8950, 
    "crimes": {
        "std": 3.1743589333315385, 
        "mean": 0.9389030446648187
    }, 
    "traffic": {
        "std": 1.0639766863807603, 
        "mean": 1.3749960166985853
    }, 
    "error_count": 0, 
    "success_count": 8950
}