{
    "crashes": {
        "std": 0.6090392232813361, 
        "mean": 0.08365321045731947
    }, 
    "total_count": 9112, 
    "crimes": {
        "std": 3.022893168410278, 
        "mean": 0.898279256796727
    }, 
    "traffic": {
        "std": 0.9190047085551445, 
        "mean": 1.3911605572706458
    }, 
    "error_count": 0, 
    "success_count": 9112
}