{
    "crashes": {
        "std": 0.6583661537356263, 
        "mean": 0.08600047143423709
    }, 
    "total_count": 7749, 
    "crimes": {
        "std": 3.1413065856477678, 
        "mean": 0.9427530814925944
    }, 
    "traffic": {
        "std": 0.8660375254730476, 
        "mean": 1.2638626492096676
    }, 
    "error_count": 0, 
    "success_count": 7749
}