{
    "crashes": {
        "std": 0.4677742057164654, 
        "mean": 0.06094575341481231
    }, 
    "total_count": 8686, 
    "crimes": {
        "std": 3.2043819889448684, 
        "mean": 0.9625358454380671
    }, 
    "traffic": {
        "std": 1.1037319658389901, 
        "mean": 1.3882276871436028
    }, 
    "error_count": 0, 
    "success_count": 8686
}