{
    "crashes": {
        "std": 0.6615852881968561, 
        "mean": 0.08834289463532743
    }, 
    "total_count": 9876, 
    "crimes": {
        "std": 3.0352251345655503, 
        "mean": 0.8627956341919522
    }, 
    "traffic": {
        "std": 0.9295743505060793, 
        "mean": 1.398372611657597
    }, 
    "error_count": 0, 
    "success_count": 9876
}