{
    "crashes": {
        "std": 0.7443664004984876, 
        "mean": 0.10083017170980903
    }, 
    "total_count": 8395, 
    "crimes": {
        "std": 3.097989700255602, 
        "mean": 0.8917335423640405
    }, 
    "traffic": {
        "std": 0.9229612487603404, 
        "mean": 1.4051155659480905
    }, 
    "error_count": 0, 
    "success_count": 8395
}