{
    "context_chicago_same": {
        "crimes": [
            0.2426388256633539, 
            0.020260869927149476
        ], 
        "traffic": [
            1.3877694504168658, 
            0.033687027790947226
        ], 
        "crashes": [
            1.6604850997383527, 
            0.18727549228570986
        ]
    }, 
    "reroute_chicago_baseline": {
        "duration": [
            541.3712624652535, 
            2.8259551666414082
        ], 
        "route_length": [
            2059.813822239848, 
            2.5532316442792333
        ], 
        "time_loss": [
            440.0335919879488, 
            2.7836953643746245
        ]
    }, 
    "reroute_austin_baseline": {
        "duration": [
            346.4338864435817, 
            1.0807977765482357
        ], 
        "route_length": [
            2075.4108948409507, 
            2.7727341028351082
        ], 
        "time_loss": [
            229.62057593246308, 
            1.043085492970669
        ]
    }, 
    "context_chicago_mcrimes": {
        "crimes": [
            0.22062172976167677, 
            0.018357132681576908
        ], 
        "traffic": [
            1.4130684981211727, 
            0.03570496618082885
        ], 
        "crashes": [
            1.6751206055621648, 
            0.18967149858774626
        ]
    }, 
    "reroute_chicago_mcrimes": {
        "duration": [
            577.1339465389317, 
            7.885982973327137
        ], 
        "route_length": [
            2673.693234277043, 
            21.26070730396973
        ], 
        "time_loss": [
            392.1519910551721, 
            6.409634734918656
        ]
    }, 
    "context_austin_same": {
        "crimes": [
            0.0056176248139310795, 
            0.002135921861455026
        ], 
        "traffic": [
            1.1153936101609803, 
            0.017586684193786287
        ], 
        "crashes": [
            1.2192133405238617, 
            0.10821216004576205
        ]
    }, 
    "reroute_austin_crashes": {
        "duration": [
            575.3177616475153, 
            25.784723820600547
        ], 
        "route_length": [
            2254.0233674356546, 
            13.848406900267449
        ], 
        "time_loss": [
            428.1891525256282, 
            24.804593563948433
        ]
    }, 
    "reroute_chicago_maxcrashes": {
        "duration": [
            592.9979896204343, 
            11.123778657736688
        ], 
        "route_length": [
            2672.1209196450254, 
            26.287551634300115
        ], 
        "time_loss": [
            409.45422755054597, 
            9.314064810779321
        ]
    }, 
    "reroute_chicago_crimes": {
        "duration": [
            515.18326900749, 
            12.489980178668143
        ], 
        "route_length": [
            2180.987636457417, 
            8.854268752401817
        ], 
        "time_loss": [
            380.00533520828515, 
            11.981371448957733
        ]
    }, 
    "reroute_chicago_traffic": {
        "duration": [
            586.3516636070683, 
            2.002975611306754
        ], 
        "route_length": [
            2827.0615328224226, 
            6.026628505486498
        ], 
        "time_loss": [
            381.3852584339115, 
            1.636635233572412
        ]
    }, 
    "context_austin_maxcrashes": {
        "crimes": [
            0.005851606423899226, 
            0.002035658863938937
        ], 
        "traffic": [
            1.4217344307653843, 
            0.046850689372882705
        ], 
        "crashes": [
            1.1973519026212656, 
            0.10109403372761304
        ]
    }, 
    "context_chicago_crashes": {
        "crimes": [
            0.49692157847539764, 
            0.04474799076559977
        ], 
        "traffic": [
            2.762503463982127, 
            0.10569383311061405
        ], 
        "crashes": [
            1.545786516301272, 
            0.18837758752370115
        ]
    }, 
    "reroute_chicago_mtraffic": {
        "duration": [
            564.7846658131772, 
            6.503458865632428
        ], 
        "route_length": [
            2666.1170192557015, 
            19.039858604048575
        ], 
        "time_loss": [
            378.9292564696522, 
            5.144816223837741
        ]
    }, 
    "reroute_austin_traffic": {
        "duration": [
            498.0065862286674, 
            2.1057684324402244
        ], 
        "route_length": [
            2915.0744423146475, 
            5.3914558812264906
        ], 
        "time_loss": [
            273.42007840365864, 
            1.8417784266526054
        ]
    }, 
    "context_austin_crashes": {
        "crimes": [
            0.022850638686175647, 
            0.007029145209358019
        ], 
        "traffic": [
            4.032150378251663, 
            0.2085047955650717
        ], 
        "crashes": [
            1.2122405294772405, 
            0.1068943801389197
        ]
    }, 
    "reroute_chicago_maxcrimes": {
        "duration": [
            585.4666922802631, 
            7.792882731553856
        ], 
        "route_length": [
            2687.9798947990716, 
            21.116662313439136
        ], 
        "time_loss": [
            399.5381827911216, 
            6.404483026192625
        ]
    }, 
    "context_chicago_mcrashes": {
        "crimes": [
            0.26351547043514184, 
            0.021859276850924335
        ], 
        "traffic": [
            1.5060790530999428, 
            0.04329477452429573
        ], 
        "crashes": [
            1.6113616790808962, 
            0.1826709512750195
        ]
    }, 
    "reroute_austin_mcrimes": {
        "duration": [
            463.8141121946625, 
            5.683427079981785
        ], 
        "route_length": [
            2695.9090675830817, 
            26.553499826698694
        ], 
        "time_loss": [
            264.1857514910569, 
            3.371451329801464
        ]
    }, 
    "reroute_austin_maxcrimes": {
        "duration": [
            464.48698691105585, 
            5.740789767683898
        ], 
        "route_length": [
            2698.280113318836, 
            26.517768749175445
        ], 
        "time_loss": [
            264.62696860243454, 
            3.4458912873098995
        ]
    }, 
    "context_austin_mtraffic": {
        "crimes": [
            0.005767137575631573, 
            0.0021498005862059114
        ], 
        "traffic": [
            1.0431246678113373, 
            0.010438602330530896
        ], 
        "crashes": [
            1.2681158953607632, 
            0.1148619127247901
        ]
    }, 
    "reroute_austin_mtraffic": {
        "duration": [
            462.6095683170509, 
            5.331695812594018
        ], 
        "route_length": [
            2706.696561879254, 
            23.708667162131707
        ], 
        "time_loss": [
            260.8850374738131, 
            3.215496808187062
        ]
    }, 
    "reroute_austin_same": {
        "duration": [
            462.4382099818872, 
            5.753647358081507
        ], 
        "route_length": [
            2694.8657899686928, 
            26.56970949296116
        ], 
        "time_loss": [
            262.8780275342759, 
            3.4475757096831607
        ]
    }, 
    "reroute_austin_crimes": {
        "duration": [
            383.82519738820713, 
            6.132616403278599
        ], 
        "route_length": [
            2086.3408448438527, 
            4.760593299342225
        ], 
        "time_loss": [
            250.8503339152027, 
            5.808759881733263
        ]
    }, 
    "context_austin_mcrimes": {
        "crimes": [
            0.005511538207433104, 
            0.002142176772256664
        ], 
        "traffic": [
            1.1210778783453956, 
            0.017132555877548916
        ],