{
    "context_chicago_same": {
        "crimes": [
            0.3516161757813138, 
            1.811087055369398
        ], 
        "traffic": [
            1.6779769064296475, 
            1.4389925141924893
        ], 
        "crashes": [
            1.5891656916306325, 
            3.5008312665677233
        ]
    }, 
    "route_chicago_crimes": {
        "duration": [
            572.9270333834826, 
            725.2256810092474
        ], 
        "route_length": [
            2163.3341822292277, 
            1084.0503349479422
        ], 
        "time_loss": [
            437.7283021576961, 
            689.4074198097272
        ]
    }, 
    "route_chicago_mcrimes": {
        "duration": [
            658.103335149015, 
            561.7990303079459
        ], 
        "route_length": [
            2770.5542306411967, 
            1756.7684172338766
        ], 
        "time_loss": [
            466.34078528193925, 
            460.48621490361273
        ]
    }, 
    "context_austin_baseline": {
        "crimes": [
            0.010841222807517654, 
            0.20758797436325088
        ], 
        "traffic": [
            2.4878512667646984, 
            1.9491149105397692
        ], 
        "crashes": [
            1.765051835599144, 
            5.384889526935167
        ]
    }, 
    "context_austin_same": {
        "crimes": [
            0.0011470984680936624, 
            0.040968305101246716
        ], 
        "traffic": [
            1.0373959834817845, 
            0.7958672231983458
        ], 
        "crashes": [
            1.0163637486296628, 
            3.281454409040001
        ]
    }, 
    "context_chicago_mcrimes": {
        "crimes": [
            0.32189964220877926, 
            1.728289213085921
        ], 
        "traffic": [
            1.7042816793077566, 
            1.453283923738155
        ], 
        "crashes": [
            1.6088008924358135, 
            3.5609584710184405
        ]
    }, 
    "route_austin_baseline": {
        "duration": [
            346.4338864435816, 
            201.82512144710176
        ], 
        "route_length": [
            2075.4108948409503, 
            907.3686920031053
        ], 
        "time_loss": [
            229.62057593246308, 
            170.11439379390623
        ]
    }, 
    "route_chicago_same": {
        "duration": [
            649.6449520906513, 
            550.7758283006763
        ], 
        "route_length": [
            2759.038274287227, 
            1744.4165528686947
        ], 
        "time_loss": [
            458.56821142016724, 
            449.9605802428202
        ]
    }, 
    "route_austin_mtraffic": {
        "duration": [
            479.2273592772152, 
            361.6146068371254
        ], 
        "route_length": [
            2818.701488596093, 
            1794.0996586969607
        ], 
        "time_loss": [
            267.24385594568975, 
            221.95284142643285
        ]
    }, 
    "route_chicago_crashes": {
        "duration": [
            625.4981392274515, 
            694.45406079363
        ], 
        "route_length": [
            2373.3172293292896, 
            1369.580284848304
        ], 
        "time_loss": [
            479.67450560738797, 
            635.1721201104837
        ]
    }, 
    "context_chicago_mcrashes": {
        "crimes": [
            0.3708997863029255, 
            1.8879247458245718
        ], 
        "traffic": [
            1.866509846908302, 
            1.6747509405021048
        ], 
        "crashes": [
            1.532707624550459, 
            3.380023816641188
        ]
    }, 
    "route_austin_crashes": {
        "duration": [
            658.4066153541401, 
            647.503114181385
        ], 
        "route_length": [
            2402.8349024863846, 
            1286.447928583163
        ], 
        "time_loss": [
            500.2507697967794, 
            591.0222264688902
        ]
    }, 
    "route_austin_crimes": {
        "duration": [
            383.25688545501697, 
            264.3215835033544
        ], 
        "route_length": [
            2079.474485551934, 
            923.1399907053685
        ], 
        "time_loss": [
            250.93551938470205, 
            225.3131967782943
        ]
    }, 
    "context_austin_mcrimes": {
        "crimes": [
            0.0007954743962909199, 
            0.03456354579110259
        ], 
        "traffic": [
            1.0461973417059927, 
            0.8063463516340359
        ], 
        "crashes": [
            1.0217386446834353, 
            3.28727567102734
        ]
    }, 
    "context_austin_mtraffic": {
        "crimes": [
            0.001838118985337003, 
            0.050252246397581746
        ], 
        "traffic": [
            1.0013472618339425, 
            0.7541512132279886
        ], 
        "crashes": [
            1.0135038793138098, 
            3.305235550700941
        ]
    }, 
    "route_austin_traffic": {
        "duration": [
            498.0065862286673, 
            394.64177027675044
        ], 
        "route_length": [
            2915.074442314647, 
            1919.3870737544403
        ], 
        "time_loss": [
            273.42007840365864, 
            238.87326034213578
        ]
    }, 
    "route_chicago_traffic": {
        "duration": [
            586.3516636070682, 
            426.42211602888466
        ], 
        "route_length": [
            2827.061532822423, 
            1771.5848288193313
        ], 
        "time_loss": [
            381.38525843391153, 
            311.8750666486769
        ]
    }, 
    "context_chicago_crimes": {
        "crimes": [
            0.3180105309033877, 
            1.6876914250849946
        ], 
        "traffic": [
            2.787149388935661, 
            2.341183437944405
        ], 
        "crashes": [
            2.0051568375684807, 
            4.916744264032152
        ]
    }, 
    "route_chicago_baseline": {
        "duration": [
            541.3712624652535, 
            576.6466543494607
        ], 
        "route_length": [
            2059.8138222398475, 
            935.6485648215566
        ], 
        "time_loss": [
            440.03359198794885, 
            560.8330150338408
        ]
    }, 
    "context_chicago_baseline": {
        "crimes": [
            1.3201927853953006, 
            5.976873082004518
        ], 
        "traffic": [
            3.021232301034603, 
            2.2540662083460736
        ], 
        "crashes": [
            2.9285916470706606, 
            6.709182779593327
        ]
    }, 
    "route_austin_same": {
        "duration": [
            482.69177181645273, 
            364.12464613882315
        ], 
        "route_length": [
            2820.893271845849, 
            1782.6726459692447
        ], 
        "time_loss": [
            271.46006582915174, 
            227.79140472387127
        ]
    }, 
    "context_austin_crimes": {
        "crimes": [
            0.000641023820410886, 
            0.031006762653513653
        ], 
        "traffic": [
            2.2765225932959643, 
            1.7880393898556126
        ], 
        "crashes": [
            1.3677281506879262, 
            3.9610763028136695
        ]
    }, 
    "route_austin_mcrimes": {
        "duration": [
            482.4454907275179, 
            363.7257661345883
        ], 
        "route_length": [
            2818.6037434391706, 
            1781.2903904317614
        ], 
        "time_loss": [
            271.4114180615772, 
            228.03239145067442
        ]
    }, 
    "route_chicago_mtraffic": {
        "duration": [
            623.5323799950208, 
            519.406493812294
        ], 
        "route_length": [
            2731.3126187688904, 
            1728.5573723367784
        ], 
        "time_loss": [
            433.32547976659527, 
            416.5571022704911
        ]
    },