{
    "context_chicago_same": {
        "crimes": [
            0.2426388256633539, 
            0.020260869927149476
        ], 
        "traffic": [
            1.3877694504168658, 
            0.033687027790947226
        ], 
        "crashes": [
            1.6604850997383527, 
            0.18727549228570986
        ]
    }, 
    "reroute_chicago_baseline": {
        "duration": [
            541.3712624652535, 
            7.476774587151258
        ], 
        "route_length": [
            2059.8138222398475, 
            6.755215970303381
        ], 
        "time_loss": [
            440.03359198794885, 
            7.364965659898587
        ]
    }, 
    "reroute_austin_baseline": {
        "duration": [
            346.4338864435816, 
            2.8595221342981887
        ], 
        "route_length": [
            2075.4108948409503, 
            7.3359648878094905
        ], 
        "time_loss": [
            229.62057593246308, 
            2.7597448105796025
        ]
    }, 
    "context_chicago_mcrimes": {
        "crimes": [
            0.22062172976167677, 
            0.018357132681576908
        ], 
        "traffic": [
            1.4130684981211727, 
            0.03570496618082885
        ], 
        "crashes": [
            1.6751206055621648, 
            0.18967149858774626
        ]
    }, 
    "reroute_chicago_mcrimes": {
        "duration": [
            658.103335149015, 
            9.712775837935016
        ], 
        "route_length": [
            2770.5542306411967, 
            18.634755947267763
        ], 
        "time_loss": [
            466.34078528193925, 
            8.529020048971866
        ]
    }, 
    "context_austin_same": {
        "crimes": [
            0.0056176248139310795, 
            0.002135921861455026
        ], 
        "traffic": [
            1.1153936101609803, 
            0.017586684193786287
        ], 
        "crashes": [
            1.2192133405238617, 
            0.10821216004576205
        ]
    }, 
    "reroute_austin_crashes": {
        "duration": [
            658.4066153541401, 
            20.97173982882505
        ], 
        "route_length": [
            2402.8349024863846, 
            15.469536815913202
        ], 
        "time_loss": [
            500.2507697967794, 
            19.888654361520025
        ]
    }, 
    "reroute_chicago_maxcrashes": {
        "duration": [
            714.7756461605347, 
            12.984818586093345
        ], 
        "route_length": [
            2834.0418232514585, 
            18.762554927375596
        ], 
        "time_loss": [
            518.8798973641022, 
            11.97286288898538
        ]
    }, 
    "reroute_chicago_crimes": {
        "duration": [
            572.9270333834826, 
            18.536989073514476
        ], 
        "route_length": [
            2163.3341822292277, 
            6.785771849971948
        ], 
        "time_loss": [
            437.7283021576961, 
            17.902225630910355
        ]
    }, 
    "reroute_chicago_traffic": {
        "duration": [
            586.3516636070682, 
            5.299375349645243
        ], 
        "route_length": [
            2827.061532822423, 
            15.944960269690139
        ], 
        "time_loss": [
            381.38525843391153, 
            4.3301298149587115
        ]
    }, 
    "context_austin_maxcrashes": {
        "crimes": [
            0.005851606423899226, 
            0.002035658863938937
        ], 
        "traffic": [
            1.4217344307653843, 
            0.046850689372882705
        ], 
        "crashes": [
            1.1973519026212656, 
            0.10109403372761304
        ]
    }, 
    "context_chicago_crashes": {
        "crimes": [
            0.49692157847539764, 
            0.04474799076559977
        ], 
        "traffic": [
            2.762503463982127, 
            0.10569383311061405
        ], 
        "crashes": [
            1.545786516301272, 
            0.18837758752370115
        ]
    }, 
    "reroute_chicago_mtraffic": {
        "duration": [
            623.5323799950208, 
            10.93998579446253
        ], 
        "route_length": [
            2731.3126187688904, 
            16.752370493459065
        ], 
        "time_loss": [
            433.32547976659527, 
            9.888690408679214
        ]
    }, 
    "reroute_austin_traffic": {
        "duration": [
            498.0065862286673, 
            5.57133959092715
        ], 
        "route_length": [
            2915.074442314647, 
            14.264451466301884
        ], 
        "time_loss": [
            273.42007840365864, 
            4.872887687006609
        ]
    }, 
    "context_austin_crashes": {
        "crimes": [
            0.022850638686175647, 
            0.007029145209358019
        ], 
        "traffic": [
            4.032150378251663, 
            0.2085047955650717
        ], 
        "crashes": [
            1.2122405294772405, 
            0.1068943801389197
        ]
    }, 
    "reroute_chicago_maxcrimes": {
        "duration": [
            661.5221057562226, 
            10.445759787738707
        ], 
        "route_length": [
            2767.532980400194, 
            18.18720763750319
        ], 
        "time_loss": [
            469.9573809303083, 
            9.309779981204075
        ]
    }, 
    "context_chicago_mcrashes": {
        "crimes": [
            0.26351547043514184, 
            0.021859276850924335
        ], 
        "traffic": [
            1.5060790530999428, 
            0.04329477452429573
        ], 
        "crashes": [
            1.6113616790808962, 
            0.1826709512750195
        ]
    }, 
    "reroute_austin_mcrimes": {
        "duration": [
            482.4454907275179, 
            7.9583926068760436
        ], 
        "route_length": [
            2818.6037434391706, 
            20.887770987526274
        ], 
        "time_loss": [
            271.4114180615772, 
            6.3741557881834146
        ]
    }, 
    "reroute_austin_maxcrimes": {
        "duration": [
            481.95063504646777, 
            7.806620121811197
        ], 
        "route_length": [
            2819.251129211386, 
            20.086034817936504
        ], 
        "time_loss": [
            270.8215375123974, 
            6.334322704899393
        ]
    }, 
    "context_austin_mtraffic": {
        "crimes": [
            0.005767137575631573, 
            0.0021498005862059114
        ], 
        "traffic": [
            1.0431246678113373, 
            0.010438602330530896
        ], 
        "crashes": [
            1.2681158953607632, 
            0.1148619127247901
        ]
    }, 
    "reroute_austin_mtraffic": {
        "duration": [
            479.2273592772152, 
            6.0308752283227545
        ], 
        "route_length": [
            2818.701488596093, 
            17.473786196401186
        ], 
        "time_loss": [
            267.24385594568975, 
            4.821324409193494
        ]
    }, 
    "reroute_austin_same": {
        "duration": [
            482.69177181645273, 
            7.446691978062628
        ], 
        "route_length": [
            2820.893271845849, 
            20.206938323140772
        ], 
        "time_loss": [
            271.46006582915174, 
            6.014435844480637
        ]
    }, 
    "reroute_austin_crimes": {
        "duration": [
            383.25688545501697, 
            18.724553102996225
        ], 
        "route_length": [
            2079.474485551934, 
            9.946197095293002
        ], 
        "time_loss": [
            250.93551938470205, 
            17.876863676650803
        ]
    }, 
    "context_austin_mcrimes": {
        "crimes": [
            0.005511538207433104, 
            0.002142176772256664
        ], 
        "traffic": [
            1.1210778783453956, 
            0.017132555877548916
        ],