{
    "context_chicago_same": {
        "crimes": [
            0.37442281795631394, 
            1.5292930724517897
        ], 
        "traffic": [
            1.5028159759331507, 
            1.2730494359589886
        ], 
        "crashes": [
            1.355003030171036, 
            3.0446312347973765
        ]
    }, 
    "route_chicago_crimes": {
        "duration": [
            657.4896026900998, 
            829.7906329578858
        ], 
        "route_length": [
            2265.778044860324, 
            1190.6396641352985
        ], 
        "time_loss": [
            515.1886339154719, 
            780.094435101697
        ]
    }, 
    "route_chicago_mcrimes": {
        "duration": [
            592.206452661014, 
            476.5126543031009
        ], 
        "route_length": [
            2728.5348779100505, 
            1709.2665588797772
        ], 
        "time_loss": [
            403.8285666853462, 
            380.6746008232019
        ]
    }, 
    "context_austin_same": {
        "crimes": [
            0.0012103952396590055, 
            0.03761723420034751
        ], 
        "traffic": [
            1.2398625962204748, 
            0.9726167971124398
        ], 
        "crashes": [
            2.216055940061855, 
            4.220192019445476
        ]
    }, 
    "context_chicago_mcrimes": {
        "crimes": [
            0.33037221520807397, 
            1.4244872740381274
        ], 
        "traffic": [
            1.5747150702801058, 
            1.3607252979836475
        ], 
        "crashes": [
            1.3502971103223538, 
            3.075194898243766
        ]
    }, 
    "route_austin_baseline": {
        "duration": [
            346.4338864435816, 
            201.82512144710176
        ], 
        "route_length": [
            2075.4108948409503, 
            907.3686920031053
        ], 
        "time_loss": [
            229.62057593246308, 
            170.11439379390623
        ]
    }, 
    "route_chicago_mtraffic": {
        "duration": [
            564.4793055841046, 
            432.89783186108815
        ], 
        "route_length": [
            2691.533614849815, 
            1676.2483131582387
        ], 
        "time_loss": [
            376.8967131303827, 
            334.9068856699868
        ]
    }, 
    "route_chicago_same": {
        "duration": [
            578.3390179832368, 
            457.1450913259875
        ], 
        "route_length": [
            2705.937523386966, 
            1697.0162643398085
        ], 
        "time_loss": [
            391.63127025058276, 
            360.32419919002143
        ]
    }, 
    "route_austin_mtraffic": {
        "duration": [
            415.7322897554329, 
            303.65623949834026
        ], 
        "route_length": [
            2501.559984641272, 
            1474.146818416399
        ], 
        "time_loss": [
            234.78333193616942, 
            197.15273463601542
        ]
    }, 
    "route_chicago_crashes": {
        "duration": [
            629.7554707580404, 
            696.9575040205522
        ], 
        "route_length": [
            2363.4632269235058, 
            1337.404096658075
        ], 
        "time_loss": [
            482.8256864410843, 
            640.2507173577876
        ]
    }, 
    "context_chicago_mcrashes": {
        "crimes": [
            0.39500991367276483, 
            1.586393394756459
        ], 
        "traffic": [
            1.719965626442183, 
            1.523514899420863
        ], 
        "crashes": [
            1.3043730623868697, 
            2.9423013704444614
        ]
    }, 
    "route_austin_crashes": {
        "duration": [
            841.8851435291115, 
            911.5630412956486
        ], 
        "route_length": [
            2332.024978684726, 
            1227.6088550281734
        ], 
        "time_loss": [
            685.1280713189519, 
            861.5261411295053
        ]
    }, 
    "route_austin_crimes": {
        "duration": [
            374.52411940425065, 
            250.61440330511851
        ], 
        "route_length": [
            2079.912077043905, 
            923.217997719278
        ], 
        "time_loss": [
            242.1792674397222, 
            211.54207228724022
        ]
    }, 
    "context_austin_mcrimes": {
        "crimes": [
            0.0008513095094094579, 
            0.032838205467601925
        ], 
        "traffic": [
            1.2479719548270476, 
            0.9805014073293373
        ], 
        "crashes": [
            2.2216393167374973, 
            4.224646099392476
        ]
    }, 
    "context_austin_mtraffic": {
        "crimes": [
            0.001295825454569389, 
            0.03948273914018387
        ], 
        "traffic": [
            1.106994585467905, 
            0.8465167830670983
        ], 
        "crashes": [
            2.3455311368761644, 
            4.429169340947954
        ]
    }, 
    "route_austin_traffic": {
        "duration": [
            498.0065862286673, 
            394.64177027675044
        ], 
        "route_length": [
            2915.074442314647, 
            1919.3870737544403
        ], 
        "time_loss": [
            273.42007840365864, 
            238.87326034213578
        ]
    }, 
    "route_chicago_traffic": {
        "duration": [
            586.3516636070682, 
            426.42211602888466
        ], 
        "route_length": [
            2827.061532822423, 
            1771.5848288193313
        ], 
        "time_loss": [
            381.38525843391153, 
            311.8750666486769
        ]
    }, 
    "context_chicago_crimes": {
        "crimes": [
            0.27254758385193456, 
            1.2566809881362215
        ], 
        "traffic": [
            3.974024153532306, 
            3.5932812672185825
        ], 
        "crashes": [
            1.5013756504055369, 
            3.941067395369424
        ]
    }, 
    "route_chicago_baseline": {
        "duration": [
            541.3712624652535, 
            576.6466543494607
        ], 
        "route_length": [
            2059.8138222398475, 
            935.6485648215566
        ], 
        "time_loss": [
            440.03359198794885, 
            560.8330150338408
        ]
    }, 
    "context_chicago_baseline": {
        "crimes": [
            1.4402436511364651, 
            4.809898631025513
        ], 
        "traffic": [
            3.021232301034603, 
            2.2540662083460736
        ], 
        "crashes": [
            2.431628015449762, 
            5.384745811868139
        ]
    }, 
    "route_austin_same": {
        "duration": [
            413.307514752434, 
            302.8731301065078
        ], 
        "route_length": [
            2474.382167963223, 
            1456.7827873407573
        ], 
        "time_loss": [
            236.48474069931058, 
            200.80645788366448
        ]
    }, 
    "context_austin_crimes": {
        "crimes": [
            0.00034515154832114926, 
            0.022336318017373437
        ], 
        "traffic": [
            2.209419547597648, 
            1.7154939050583646
        ], 
        "crashes": [
            2.6754674064128445, 
            4.689088977260701
        ]
    }, 
    "route_austin_mcrimes": {
        "duration": [
            415.1855861392455, 
            304.09450048717133
        ], 
        "route_length": [
            2472.8777656477546, 
            1456.76876488415
        ], 
        "time_loss": [
            238.4689121335979, 
            202.15950480543634
        ]
    }, 
    "context_chicago_crashes": {
        "crimes": [
            0.4951042071370641, 
            2.0081181564993202
        ], 
        "traffic": [
            3.678153430836173, 
            3.5123532410060725
        ], 
        "crashes": [
            1.0617997997685535, 
            2.6796778250530933
        ]
    },