{
    "context_chicago_same": {
        "crimes": [
            0.2426388256633539, 
            0.020260869927149476
        ], 
        "traffic": [
            1.3877694504168658, 
            0.033687027790947226
        ], 
        "crashes": [
            1.6604850997383527, 
            0.18727549228570986
        ]
    }, 
    "reroute_chicago_baseline": {
        "duration": [
            541.3712624652535, 
            7.476774587151258
        ], 
        "route_length": [
            2059.8138222398475, 
            6.755215970303381
        ], 
        "time_loss": [
            440.03359198794885, 
            7.364965659898587
        ]
    }, 
    "reroute_austin_baseline": {
        "duration": [
            346.4338864435816, 
            2.8595221342981887
        ], 
        "route_length": [
            2075.4108948409503, 
            7.3359648878094905
        ], 
        "time_loss": [
            229.62057593246308, 
            2.7597448105796025
        ]
    }, 
    "context_chicago_mcrimes": {
        "crimes": [
            0.22062172976167677, 
            0.018357132681576908
        ], 
        "traffic": [
            1.4130684981211727, 
            0.03570496618082885
        ], 
        "crashes": [
            1.6751206055621648, 
            0.18967149858774626
        ]
    }, 
    "reroute_chicago_mcrimes": {
        "duration": [
            592.206452661014, 
            9.791250444019871
        ], 
        "route_length": [
            2728.5348779100505, 
            16.479651029440795
        ], 
        "time_loss": [
            403.8285666853462, 
            8.670856683729832
        ]
    }, 
    "context_austin_same": {
        "crimes": [
            0.0056176248139310795, 
            0.002135921861455026
        ], 
        "traffic": [
            1.1153936101609803, 
            0.017586684193786287
        ], 
        "crashes": [
            1.2192133405238617, 
            0.10821216004576205
        ]
    }, 
    "reroute_austin_crashes": {
        "duration": [
            841.8851435291115, 
            56.973467100961415
        ], 
        "route_length": [
            2332.024978684726, 
            7.944717024232346
        ], 
        "time_loss": [
            685.1280713189519, 
            55.52797931155354
        ]
    }, 
    "reroute_chicago_maxcrashes": {
        "duration": [
            620.8683575263115, 
            10.446201080570663
        ], 
        "route_length": [
            2757.764118162826, 
            18.32438938507083
        ], 
        "time_loss": [
            432.62135347892274, 
            9.207933535767014
        ]
    }, 
    "reroute_chicago_crimes": {
        "duration": [
            657.4896026900998, 
            16.353178681068773
        ], 
        "route_length": [
            2265.778044860324, 
            8.29903563469896
        ], 
        "time_loss": [
            515.1886339154719, 
            15.986200893273518
        ]
    }, 
    "reroute_chicago_traffic": {
        "duration": [
            586.3516636070682, 
            5.299375349645243
        ], 
        "route_length": [
            2827.061532822423, 
            15.944960269690139
        ], 
        "time_loss": [
            381.38525843391153, 
            4.3301298149587115
        ]
    }, 
    "context_austin_maxcrashes": {
        "crimes": [
            0.005851606423899226, 
            0.002035658863938937
        ], 
        "traffic": [
            1.4217344307653843, 
            0.046850689372882705
        ], 
        "crashes": [
            1.1973519026212656, 
            0.10109403372761304
        ]
    }, 
    "context_chicago_crashes": {
        "crimes": [
            0.49692157847539764, 
            0.04474799076559977
        ], 
        "traffic": [
            2.762503463982127, 
            0.10569383311061405
        ], 
        "crashes": [
            1.545786516301272, 
            0.18837758752370115
        ]
    }, 
    "reroute_chicago_mtraffic": {
        "duration": [
            564.4793055841046, 
            9.054398983475275
        ], 
        "route_length": [
            2691.533614849815, 
            19.575339530756825
        ], 
        "time_loss": [
            376.8967131303827, 
            7.784732285555586
        ]
    }, 
    "reroute_austin_traffic": {
        "duration": [
            498.0065862286673, 
            5.57133959092715
        ], 
        "route_length": [
            2915.074442314647, 
            14.264451466301884
        ], 
        "time_loss": [
            273.42007840365864, 
            4.872887687006609
        ]
    }, 
    "context_austin_crashes": {
        "crimes": [
            0.022850638686175647, 
            0.007029145209358019
        ], 
        "traffic": [
            4.032150378251663, 
            0.2085047955650717
        ], 
        "crashes": [
            1.2122405294772405, 
            0.1068943801389197
        ]
    }, 
    "reroute_chicago_maxcrimes": {
        "duration": [
            612.6557221476953, 
            10.285486920486813
        ], 
        "route_length": [
            2763.3382196744124, 
            19.529094405147347
        ], 
        "time_loss": [
            422.2587409237238, 
            8.989355899339845
        ]
    }, 
    "context_chicago_mcrashes": {
        "crimes": [
            0.26351547043514184, 
            0.021859276850924335
        ], 
        "traffic": [
            1.5060790530999428, 
            0.04329477452429573
        ], 
        "crashes": [
            1.6113616790808962, 
            0.1826709512750195
        ]
    }, 
    "reroute_austin_mcrimes": {
        "duration": [
            415.1855861392455, 
            5.388205855512594
        ], 
        "route_length": [
            2472.8777656477546, 
            12.277533697010227
        ], 
        "time_loss": [
            238.4689121335979, 
            4.630589668109402
        ]
    }, 
    "reroute_austin_maxcrimes": {
        "duration": [
            416.42403723598125, 
            5.117857076008819
        ], 
        "route_length": [
            2476.470045504163, 
            12.63350914103694
        ], 
        "time_loss": [
            239.3357745752084, 
            4.375323807414893
        ]
    }, 
    "context_austin_mtraffic": {
        "crimes": [
            0.005767137575631573, 
            0.0021498005862059114
        ], 
        "traffic": [
            1.0431246678113373, 
            0.010438602330530896
        ], 
        "crashes": [
            1.2681158953607632, 
            0.1148619127247901
        ]
    }, 
    "reroute_austin_mtraffic": {
        "duration": [
            415.7322897554329, 
            4.974848384736822
        ], 
        "route_length": [
            2501.559984641272, 
            15.05297315324808
        ], 
        "time_loss": [
            234.78333193616942, 
            3.9722390793489653
        ]
    }, 
    "reroute_austin_same": {
        "duration": [
            413.307514752434, 
            5.407604477965497
        ], 
        "route_length": [
            2474.382167963223, 
            11.69841508412527
        ], 
        "time_loss": [
            236.48474069931058, 
            4.6323242743450805
        ]
    }, 
    "reroute_austin_crimes": {
        "duration": [
            374.52411940425065, 
            9.966410847480756
        ], 
        "route_length": [
            2079.912077043905, 
            8.210499724145741
        ], 
        "time_loss": [
            242.1792674397222, 
            9.559296307823658
        ]
    }, 
    "context_austin_mcrimes": {
        "crimes": [
            0.005511538207433104, 
            0.002142176772256664
        ], 
        "traffic": [
            1.1210778783453956, 
            0.017132555877548916
        ],