{
    "context_chicago_same": {
        "crimes": [
            0.09530834432592653, 
            0.7323553448667929
        ], 
        "traffic": [
            1.1634553276047612, 
            0.8647835204939838
        ], 
        "crashes": [
            0.41287773056354055, 
            1.5728898491765846
        ]
    }, 
    "route_chicago_crimes": {
        "duration": [
            450.41943611788594, 
            371.1920393944764
        ], 
        "route_length": [
            2116.7620321064883, 
            1020.3235559349189
        ], 
        "time_loss": [
            319.47056501503846, 
            335.70220866107604
        ]
    }, 
    "route_chicago_mcrimes": {
        "duration": [
            596.5416900511661, 
            466.00972446029994
        ], 
        "route_length": [
            2776.825030263333, 
            1740.3761864854146
        ], 
        "time_loss": [
            398.5280994002063, 
            358.5057319472611
        ]
    }, 
    "context_austin_same": {
        "crimes": [
            0.00012331076278642214, 
            0.007948596034660325
        ], 
        "traffic": [
            1.0235594350854873, 
            0.7784095249219469
        ], 
        "crashes": [
            0.6925818608948647, 
            2.72209853188361
        ]
    }, 
    "context_chicago_mcrimes": {
        "crimes": [
            0.09094210565253354, 
            0.6969059565278457
        ], 
        "traffic": [
            1.1629314021900092, 
            0.8550337228099595
        ], 
        "crashes": [
            0.4177127348955506, 
            1.589973474668308
        ]
    }, 
    "route_austin_baseline": {
        "duration": [
            346.4338864435816, 
            201.82512144710176
        ], 
        "route_length": [
            2075.4108948409503, 
            907.3686920031053
        ], 
        "time_loss": [
            229.62057593246308, 
            170.11439379390623
        ]
    }, 
    "context_chicago_crashes": {
        "crimes": [
            0.21011168388968593, 
            1.4209122716496374
        ], 
        "traffic": [
            2.809851606349965, 
            2.461935133517635
        ], 
        "crashes": [
            0.3249710623866982, 
            1.3217912955870366
        ]
    }, 
    "context_austin_crashes": {
        "crimes": [
            0.0001646526023769351, 
            0.010157751820355122
        ], 
        "traffic": [
            3.0845380422713236, 
            2.658924589399086
        ], 
        "crashes": [
            0.6487529787760214, 
            2.5669718864009643
        ]
    }, 
    "route_chicago_same": {
        "duration": [
            597.0021281954316, 
            464.74068787982935
        ], 
        "route_length": [
            2776.0520673807832, 
            1739.3357669026332
        ], 
        "time_loss": [
            399.169579147773, 
            358.0716152018036
        ]
    }, 
    "route_austin_mtraffic": {
        "duration": [
            447.9458103866221, 
            338.5635602504257
        ], 
        "route_length": [
            2643.3911188954917, 
            1613.482176836784
        ], 
        "time_loss": [
            250.94602917178494, 
            213.87435175822392
        ]
    }, 
    "route_chicago_crashes": {
        "duration": [
            564.3746210525252, 
            641.6912559462824
        ], 
        "route_length": [
            2199.3386356409446, 
            1131.4873283453437
        ], 
        "time_loss": [
            425.4884873968402, 
            596.5420211935096
        ]
    }, 
    "context_chicago_mcrashes": {
        "crimes": [
            0.09718008525062613, 
            0.7506156596917458
        ], 
        "traffic": [
            1.2554490385014583, 
            1.010690512469224
        ], 
        "crashes": [
            0.40277235102012404, 
            1.5125447986122524
        ]
    }, 
    "route_austin_crimes": {
        "duration": [
            378.4137664571248, 
            259.5931629590162
        ], 
        "route_length": [
            2078.162932581626, 
            922.8743787737706
        ], 
        "time_loss": [
            246.11068788767574, 
            220.98939998306554
        ]
    }, 
    "context_austin_mcrimes": {
        "crimes": [
            9.98670392176842e-05, 
            0.006443493659468377
        ], 
        "traffic": [
            1.02951155495826, 
            0.7821031440786228
        ], 
        "crashes": [
            0.6969741781460399, 
            2.718452714666749
        ]
    }, 
    "context_austin_mtraffic": {
        "crimes": [
            0.00011451477028769994, 
            0.007488235972660187
        ], 
        "traffic": [
            0.9872991672677645, 
            0.7436655144247537
        ], 
        "crashes": [
            0.7373368220442914, 
            2.8759296712290703
        ]
    }, 
    "route_austin_traffic": {
        "duration": [
            498.0065862286673, 
            394.64177027675044
        ], 
        "route_length": [
            2915.074442314647, 
            1919.3870737544403
        ], 
        "time_loss": [
            273.42007840365864, 
            238.87326034213578
        ]
    }, 
    "route_chicago_traffic": {
        "duration": [
            586.3516636070682, 
            426.42211602888466
        ], 
        "route_length": [
            2827.061532822423, 
            1771.5848288193313
        ], 
        "time_loss": [
            381.38525843391153, 
            311.8750666486769
        ]
    }, 
    "context_chicago_crimes": {
        "crimes": [
            0.10615286863928117, 
            0.7325591890620347
        ], 
        "traffic": [
            2.1885590007985773, 
            1.801605285351679
        ], 
        "crashes": [
            0.49655680105184874, 
            1.7870809134310874
        ]
    }, 
    "route_chicago_baseline": {
        "duration": [
            541.3712624652535, 
            576.6466543494607
        ], 
        "route_length": [
            2059.8138222398475, 
            935.6485648215566
        ], 
        "time_loss": [
            440.03359198794885, 
            560.8330150338408
        ]
    }, 
    "context_chicago_baseline": {
        "crimes": [
            0.43005904717073007, 
            2.4820846213870573
        ], 
        "traffic": [
            3.021232301034603, 
            2.2540662083460736
        ], 
        "crashes": [
            0.7640528373225635, 
            2.8416004742420533
        ]
    }, 
    "route_austin_same": {
        "duration": [
            438.28673342105856, 
            332.40449964702196
        ], 
        "route_length": [
            2594.381951069571, 
            1565.1135213961884
        ], 
        "time_loss": [
            246.68364121658593, 
            212.08650545633913
        ]
    }, 
    "context_austin_crimes": {
        "crimes": [
            0.00012157680612676579, 
            0.006963263130174489
        ], 
        "traffic": [
            2.248191055019105, 
            1.7538494949051464
        ], 
        "crashes": [
            0.6700398257769484, 
            2.6264914262347534
        ]
    }, 
    "route_chicago_mcrashes": {
        "duration": [
            607.0929520578436, 
            489.238442466225
        ], 
        "route_length": [
            2781.9839857165543, 
            1766.1354991595504
        ], 
        "time_loss": [
            409.4960155778758, 
            381.04068341872244
        ]
    }, 
    "route_austin_mcrimes": {
        "duration": [
            441.6774930584842, 
            337.2424557200266
        ], 
        "route_length": [
            2601.9008454501645, 
            1573.9377858435444
        ], 
        "time_loss": [
            249.16339597475059, 
            216.60194939053932
        ]
    },