{
    "context_chicago_same": {
        "crimes": [
            0.2426388256633539, 
            0.020260869927149476
        ], 
        "traffic": [
            1.3877694504168658, 
            0.033687027790947226
        ], 
        "crashes": [
            1.6604850997383527, 
            0.18727549228570986
        ]
    }, 
    "reroute_chicago_baseline": {
        "duration": [
            541.3712624652535, 
            7.476774587151258
        ], 
        "route_length": [
            2059.8138222398475, 
            6.755215970303381
        ], 
        "time_loss": [
            440.03359198794885, 
            7.364965659898587
        ]
    }, 
    "reroute_austin_baseline": {
        "duration": [
            346.4338864435816, 
            2.8595221342981887
        ], 
        "route_length": [
            2075.4108948409503, 
            7.3359648878094905
        ], 
        "time_loss": [
            229.62057593246308, 
            2.7597448105796025
        ]
    }, 
    "context_chicago_mcrimes": {
        "crimes": [
            0.22062172976167677, 
            0.018357132681576908
        ], 
        "traffic": [
            1.4130684981211727, 
            0.03570496618082885
        ], 
        "crashes": [
            1.6751206055621648, 
            0.18967149858774626
        ]
    }, 
    "reroute_chicago_mcrimes": {
        "duration": [
            596.5416900511661, 
            6.341509172971056
        ], 
        "route_length": [
            2776.825030263333, 
            13.452192605427118
        ], 
        "time_loss": [
            398.5280994002063, 
            5.570234290279442
        ]
    }, 
    "context_austin_same": {
        "crimes": [
            0.0056176248139310795, 
            0.002135921861455026
        ], 
        "traffic": [
            1.1153936101609803, 
            0.017586684193786287
        ], 
        "crashes": [
            1.2192133405238617, 
            0.10821216004576205
        ]
    }, 
    "reroute_austin_crashes": {
        "duration": [
            453.40980237878176, 
            25.056266343993027
        ], 
        "route_length": [
            2177.639709109858, 
            9.693987229186432
        ], 
        "time_loss": [
            310.54085176599455, 
            24.36131985368202
        ]
    }, 
    "reroute_chicago_maxcrashes": {
        "duration": [
            624.1667904339731, 
            8.047354437109181
        ], 
        "route_length": [
            2786.0337234810604, 
            16.67035607406632
        ], 
        "time_loss": [
            426.83000467870454, 
            6.921201589901181
        ]
    }, 
    "reroute_chicago_crimes": {
        "duration": [
            450.41943611788594, 
            7.388420618089285
        ], 
        "route_length": [
            2116.7620321064883, 
            6.894265160593524
        ], 
        "time_loss": [
            319.47056501503846, 
            7.1137828801252345
        ]
    }, 
    "reroute_chicago_traffic": {
        "duration": [
            586.3516636070682, 
            5.299375349645243
        ], 
        "route_length": [
            2827.061532822423, 
            15.944960269690139
        ], 
        "time_loss": [
            381.38525843391153, 
            4.3301298149587115
        ]
    }, 
    "context_austin_maxcrashes": {
        "crimes": [
            0.005851606423899226, 
            0.002035658863938937
        ], 
        "traffic": [
            1.4217344307653843, 
            0.046850689372882705
        ], 
        "crashes": [
            1.1973519026212656, 
            0.10109403372761304
        ]
    }, 
    "context_chicago_crashes": {
        "crimes": [
            0.49692157847539764, 
            0.04474799076559977
        ], 
        "traffic": [
            2.762503463982127, 
            0.10569383311061405
        ], 
        "crashes": [
            1.545786516301272, 
            0.18837758752370115
        ]
    }, 
    "reroute_chicago_mtraffic": {
        "duration": [
            588.0479673589018, 
            6.7198562056622215
        ], 
        "route_length": [
            2777.692059657566, 
            14.513652925556858
        ], 
        "time_loss": [
            389.5317035687308, 
            5.793244727236653
        ]
    }, 
    "reroute_austin_traffic": {
        "duration": [
            498.0065862286673, 
            5.57133959092715
        ], 
        "route_length": [
            2915.074442314647, 
            14.264451466301884
        ], 
        "time_loss": [
            273.42007840365864, 
            4.872887687006609
        ]
    }, 
    "context_austin_crashes": {
        "crimes": [
            0.022850638686175647, 
            0.007029145209358019
        ], 
        "traffic": [
            4.032150378251663, 
            0.2085047955650717
        ], 
        "crashes": [
            1.2122405294772405, 
            0.1068943801389197
        ]
    }, 
    "reroute_chicago_maxcrimes": {
        "duration": [
            599.1563331004193, 
            7.592507245698207
        ], 
        "route_length": [
            2779.411853834702, 
            14.457703297995446
        ], 
        "time_loss": [
            401.0079245826332, 
            6.834317634416552
        ]
    }, 
    "context_chicago_mcrashes": {
        "crimes": [
            0.26351547043514184, 
            0.021859276850924335
        ], 
        "traffic": [
            1.5060790530999428, 
            0.04329477452429573
        ], 
        "crashes": [
            1.6113616790808962, 
            0.1826709512750195
        ]
    }, 
    "reroute_austin_mcrimes": {
        "duration": [
            441.6774930584842, 
            5.499773684185569
        ], 
        "route_length": [
            2601.9008454501645, 
            16.281579847900655
        ], 
        "time_loss": [
            249.16339597475059, 
            4.453772649754889
        ]
    }, 
    "reroute_austin_maxcrimes": {
        "duration": [
            442.5424463516355, 
            5.0209537267754305
        ], 
        "route_length": [
            2607.726324909391, 
            14.341086422081826
        ], 
        "time_loss": [
            249.42452567451497, 
            4.007962618722314
        ]
    }, 
    "context_austin_mtraffic": {
        "crimes": [
            0.005767137575631573, 
            0.0021498005862059114
        ], 
        "traffic": [
            1.0431246678113373, 
            0.010438602330530896
        ], 
        "crashes": [
            1.2681158953607632, 
            0.1148619127247901
        ]
    }, 
    "reroute_austin_mtraffic": {
        "duration": [
            447.9458103866221, 
            6.468806801807859
        ], 
        "route_length": [
            2643.3911188954917, 
            16.60980913416296
        ], 
        "time_loss": [
            250.94602917178494, 
            5.19347215656303
        ]
    }, 
    "reroute_austin_same": {
        "duration": [
            438.28673342105856, 
            5.844255326560238
        ], 
        "route_length": [
            2594.381951069571, 
            16.6274536211397
        ], 
        "time_loss": [
            246.68364121658593, 
            4.659399901740491
        ]
    }, 
    "reroute_austin_crimes": {
        "duration": [
            378.4137664571248, 
            12.91393492250324
        ], 
        "route_length": [
            2078.162932581626, 
            9.148017529197386
        ], 
        "time_loss": [
            246.11068788767574, 
            12.3196065015278
        ]
    }, 
    "context_austin_mcrimes": {
        "crimes": [
            0.005511538207433104, 
            0.002142176772256664
        ], 
        "traffic": [
            1.1210778783453956, 
            0.017132555877548916
        ],