{
    "context_chicago_same": {
        "crimes": [
            0.2426388256633539, 
            0.020260869927149476
        ], 
        "traffic": [
            1.3877694504168658, 
            0.033687027790947226
        ], 
        "crashes": [
            1.6604850997383527, 
            0.18727549228570986
        ]
    }, 
    "reroute_chicago_baseline": {
        "duration": [
            541.3712624652535, 
            7.476774587151258
        ], 
        "route_length": [
            2059.8138222398475, 
            6.755215970303381
        ], 
        "time_loss": [
            440.03359198794885, 
            7.364965659898587
        ]
    }, 
    "reroute_austin_baseline": {
        "duration": [
            346.4338864435816, 
            2.8595221342981887
        ], 
        "route_length": [
            2075.4108948409503, 
            7.3359648878094905
        ], 
        "time_loss": [
            229.62057593246308, 
            2.7597448105796025
        ]
    }, 
    "context_chicago_mcrimes": {
        "crimes": [
            0.22062172976167677, 
            0.018357132681576908
        ], 
        "traffic": [
            1.4130684981211727, 
            0.03570496618082885
        ], 
        "crashes": [
            1.6751206055621648, 
            0.18967149858774626
        ]
    }, 
    "reroute_chicago_mcrimes": {
        "duration": [
            590.4139554507558, 
            8.852091657735032
        ], 
        "route_length": [
            2827.155453631841, 
            14.624967726297328
        ], 
        "time_loss": [
            386.8872711374257, 
            7.58132867938995
        ]
    }, 
    "context_austin_same": {
        "crimes": [
            0.0056176248139310795, 
            0.002135921861455026
        ], 
        "traffic": [
            1.1153936101609803, 
            0.017586684193786287
        ], 
        "crashes": [
            1.2192133405238617, 
            0.10821216004576205
        ]
    }, 
    "reroute_austin_crashes": {
        "duration": [
            428.3312725170546, 
            14.513402698715607
        ], 
        "route_length": [
            2185.951586508295, 
            12.892273302980172
        ], 
        "time_loss": [
            288.94601213593984, 
            13.615163336737131
        ]
    }, 
    "reroute_chicago_maxcrashes": {
        "duration": [
            592.4222042590613, 
            7.082846581872739
        ], 
        "route_length": [
            2831.283819777682, 
            14.622665160912469
        ], 
        "time_loss": [
            389.00057043342184, 
            6.109876191448456
        ]
    }, 
    "reroute_chicago_crimes": {
        "duration": [
            447.3230797292623, 
            5.738579801983037
        ], 
        "route_length": [
            2119.7708250328396, 
            7.685123107359365
        ], 
        "time_loss": [
            315.080540049818, 
            5.4467708103532
        ]
    }, 
    "reroute_chicago_traffic": {
        "duration": [
            586.3516636070682, 
            5.299375349645243
        ], 
        "route_length": [
            2827.061532822423, 
            15.944960269690139
        ], 
        "time_loss": [
            381.38525843391153, 
            4.3301298149587115
        ]
    }, 
    "context_austin_maxcrashes": {
        "crimes": [
            0.005851606423899226, 
            0.002035658863938937
        ], 
        "traffic": [
            1.4217344307653843, 
            0.046850689372882705
        ], 
        "crashes": [
            1.1973519026212656, 
            0.10109403372761304
        ]
    }, 
    "context_chicago_crashes": {
        "crimes": [
            0.49692157847539764, 
            0.04474799076559977
        ], 
        "traffic": [
            2.762503463982127, 
            0.10569383311061405
        ], 
        "crashes": [
            1.545786516301272, 
            0.18837758752370115
        ]
    }, 
    "reroute_chicago_mtraffic": {
        "duration": [
            586.7814271684931, 
            7.304134920181392
        ], 
        "route_length": [
            2813.4669329717462, 
            16.424327322758415
        ], 
        "time_loss": [
            384.4668388374782, 
            6.545747353938863
        ]
    }, 
    "reroute_austin_traffic": {
        "duration": [
            498.0065862286673, 
            5.57133959092715
        ], 
        "route_length": [
            2915.074442314647, 
            14.264451466301884
        ], 
        "time_loss": [
            273.42007840365864, 
            4.872887687006609
        ]
    }, 
    "context_austin_crashes": {
        "crimes": [
            0.022850638686175647, 
            0.007029145209358019
        ], 
        "traffic": [
            4.032150378251663, 
            0.2085047955650717
        ], 
        "crashes": [
            1.2122405294772405, 
            0.1068943801389197
        ]
    }, 
    "reroute_chicago_maxcrimes": {
        "duration": [
            595.6219966413172, 
            7.063093277118612
        ], 
        "route_length": [
            2844.2639497784085, 
            17.327306300132665
        ], 
        "time_loss": [
            390.685751892419, 
            5.835688336778981
        ]
    }, 
    "context_chicago_mcrashes": {
        "crimes": [
            0.26351547043514184, 
            0.021859276850924335
        ], 
        "traffic": [
            1.5060790530999428, 
            0.04329477452429573
        ], 
        "crashes": [
            1.6113616790808962, 
            0.1826709512750195
        ]
    }, 
    "reroute_austin_mcrimes": {
        "duration": [
            491.50635669347196, 
            6.435844224733142
        ], 
        "route_length": [
            2834.5187545092513, 
            19.54507411712545
        ], 
        "time_loss": [
            278.8158888550625, 
            5.265229242838737
        ]
    }, 
    "reroute_austin_maxcrimes": {
        "duration": [
            494.60793099938826, 
            9.11673968902419
        ], 
        "route_length": [
            2841.0509295716856, 
            22.41894494315238
        ], 
        "time_loss": [
            281.3662970425106, 
            7.4383572576703365
        ]
    }, 
    "context_austin_mtraffic": {
        "crimes": [
            0.005767137575631573, 
            0.0021498005862059114
        ], 
        "traffic": [
            1.0431246678113373, 
            0.010438602330530896
        ], 
        "crashes": [
            1.2681158953607632, 
            0.1148619127247901
        ]
    }, 
    "reroute_austin_mtraffic": {
        "duration": [
            490.43928052799026, 
            6.241586053987598
        ], 
        "route_length": [
            2830.0967795540473, 
            21.44183804673559
        ], 
        "time_loss": [
            276.63628089555345, 
            4.6922040422215
        ]
    }, 
    "reroute_austin_same": {
        "duration": [
            486.8975911393468, 
            7.965747812009313
        ], 
        "route_length": [
            2830.940774866973, 
            19.528262180862363
        ], 
        "time_loss": [
            274.07709958247244, 
            6.660205544048197
        ]
    }, 
    "reroute_austin_crimes": {
        "duration": [
            406.5882360979175, 
            14.52678335268124
        ], 
        "route_length": [
            2133.3541985787115, 
            9.639324861330241
        ], 
        "time_loss": [
            269.059845313993, 
            13.872566700996305
        ]
    }, 
    "context_austin_mcrimes": {
        "crimes": [
            0.005511538207433104, 
            0.002142176772256664
        ], 
        "traffic": [
            1.1210778783453956, 
            0.017132555877548916
        ],