{
    "context_chicago_same": {
        "crimes": [
            0.06336528483584705, 
            0.563682159364779
        ], 
        "traffic": [
            1.0588689706985106, 
            0.7088712791477734
        ], 
        "crashes": [
            0.015109255686186882, 
            0.21570542815410673
        ]
    }, 
    "route_chicago_crimes": {
        "duration": [
            447.3230797292623, 
            365.0442538240883
        ], 
        "route_length": [
            2119.7708250328396, 
            1027.2397653883258
        ], 
        "time_loss": [
            315.080540049818, 
            326.5485641769413
        ]
    }, 
    "route_chicago_mcrimes": {
        "duration": [
            590.4139554507558, 
            436.5727224901492
        ], 
        "route_length": [
            2827.155453631841, 
            1780.6310028238527
        ], 
        "time_loss": [
            386.8872711374257, 
            321.66480808909495
        ]
    }, 
    "context_austin_same": {
        "crimes": [
            0.03684256922697847, 
            0.44357698790220923
        ], 
        "traffic": [
            1.049628805697229, 
            0.8085486936980042
        ], 
        "crashes": [
            0.5982957246032325, 
            2.365553901635119
        ]
    }, 
    "context_chicago_mcrimes": {
        "crimes": [
            0.06006250452022799, 
            0.5576305500167283
        ], 
        "traffic": [
            1.0706023086303007, 
            0.7219730924559452
        ], 
        "crashes": [
            0.014643200317866065, 
            0.21342468989676716
        ]
    }, 
    "route_austin_baseline": {
        "duration": [
            346.4338864435816, 
            201.82512144710176
        ], 
        "route_length": [
            2075.4108948409503, 
            907.3686920031053
        ], 
        "time_loss": [
            229.62057593246308, 
            170.11439379390623
        ]
    }, 
    "context_chicago_crashes": {
        "crimes": [
            0.13572202692244462, 
            0.9887527263518642
        ], 
        "traffic": [
            2.0986885380840525, 
            1.7066734301824131
        ], 
        "crashes": [
            0.01193577608891277, 
            0.2008361054351649
        ]
    }, 
    "context_austin_crashes": {
        "crimes": [
            0.1234678044367441, 
            1.202180540701843
        ], 
        "traffic": [
            2.731908725890879, 
            2.410544683713948
        ], 
        "crashes": [
            0.593024523470885, 
            2.2406485984609072
        ]
    }, 
    "route_chicago_same": {
        "duration": [
            588.1212241229659, 
            431.6972639636665
        ], 
        "route_length": [
            2819.8989819455205, 
            1755.7132881645587
        ], 
        "time_loss": [
            385.3767248431342, 
            319.65356843550734
        ]
    }, 
    "route_austin_mtraffic": {
        "duration": [
            490.43928052799026, 
            385.4457090373918
        ], 
        "route_length": [
            2830.0967795540473, 
            1806.150306788335
        ], 
        "time_loss": [
            276.63628089555345, 
            246.73585950332608
        ]
    }, 
    "route_chicago_crashes": {
        "duration": [
            441.18095934526644, 
            351.7817176894133
        ], 
        "route_length": [
            2105.365428344852, 
            1012.5344872627577
        ], 
        "time_loss": [
            310.81862807691243, 
            318.1796136751533
        ]
    }, 
    "context_chicago_mcrashes": {
        "crimes": [
            0.06292343753719187, 
            0.5667331654835288
        ], 
        "traffic": [
            1.0613176419714594, 
            0.7119745210143287
        ], 
        "crashes": [
            0.01393042953330357, 
            0.20669435972166075
        ]
    }, 
    "route_austin_crimes": {
        "duration": [
            406.5882360979175, 
            300.05415834706264
        ], 
        "route_length": [
            2133.3541985787115, 
            977.6404122410995
        ], 
        "time_loss": [
            269.059845313993, 
            257.04715798025563
        ]
    }, 
    "context_austin_mcrimes": {
        "crimes": [
            0.03683411650711368, 
            0.443470755583657
        ], 
        "traffic": [
            1.066555846284584, 
            0.8204937106996113
        ], 
        "crashes": [
            0.6056110410859036, 
            2.3915721491069486
        ]
    }, 
    "context_austin_mtraffic": {
        "crimes": [
            0.03712150381922692, 
            0.44646469279877843
        ], 
        "traffic": [
            1.0083053760788316, 
            0.7546538891629806
        ], 
        "crashes": [
            0.6248340016975125, 
            2.487713616325516
        ]
    }, 
    "route_austin_traffic": {
        "duration": [
            498.0065862286673, 
            394.64177027675044
        ], 
        "route_length": [
            2915.074442314647, 
            1919.3870737544403
        ], 
        "time_loss": [
            273.42007840365864, 
            238.87326034213578
        ]
    }, 
    "route_chicago_traffic": {
        "duration": [
            586.3516636070682, 
            426.42211602888466
        ], 
        "route_length": [
            2827.061532822423, 
            1771.5848288193313
        ], 
        "time_loss": [
            381.38525843391153, 
            311.8750666486769
        ]
    }, 
    "context_chicago_crimes": {
        "crimes": [
            0.06266694272145742, 
            0.5604146784050349
        ], 
        "traffic": [
            2.1356679099722307, 
            1.7447103019274184
        ], 
        "crashes": [
            0.029628209909263924, 
            0.35752795548375677
        ]
    }, 
    "route_chicago_baseline": {
        "duration": [
            541.3712624652535, 
            576.6466543494607
        ], 
        "route_length": [
            2059.8138222398475, 
            935.6485648215566
        ], 
        "time_loss": [
            440.03359198794885, 
            560.8330150338408
        ]
    }, 
    "context_chicago_baseline": {
        "crimes": [
            0.42003501873150084, 
            2.745696657986837
        ], 
        "traffic": [
            3.021232301034603, 
            2.2540662083460736
        ], 
        "crashes": [
            0.02239899016552149, 
            0.3089717214436142
        ]
    }, 
    "route_austin_same": {
        "duration": [
            486.8975911393468, 
            375.4245788518592
        ], 
        "route_length": [
            2830.940774866973, 
            1798.9478405470613
        ], 
        "time_loss": [
            274.07709958247244, 
            238.92474538377428
        ]
    }, 
    "context_austin_crimes": {
        "crimes": [
            0.04135980180769942, 
            0.46691014299465533
        ], 
        "traffic": [
            2.5239327053297496, 
            2.069649549418744
        ], 
        "crashes": [
            0.9210581085401264, 
            3.794323188090749
        ]
    }, 
    "route_chicago_mcrashes": {
        "duration": [
            589.7987774626206, 
            433.86652285455057
        ], 
        "route_length": [
            2820.453548390828, 
            1759.013259757823
        ], 
        "time_loss": [
            386.9097938710381, 
            322.0202048764063
        ]
    }, 
    "route_austin_mcrimes": {
        "duration": [
            491.50635669347196, 
            381.6421883285113
        ], 
        "route_length": [
            2834.5187545092513, 
            1799.8475330392837
        ], 
        "time_loss": [
            278.8158888550625, 
            245.92906743769277
        ]
    },