{
    "context_chicago_same": {
        "crimes": [
            0.06336528483584705, 
            0.0024345302254661022
        ], 
        "traffic": [
            1.0588689706985106, 
            0.01416966326763227
        ], 
        "crashes": [
            0.015109255686186882, 
            0.0014406431823484566
        ]
    }, 
    "route_chicago_crimes": {
        "duration": [
            447.3230797292623, 
            6.287250599773058
        ], 
        "route_length": [
            2119.7708250328396, 
            8.41990466863909
        ], 
        "time_loss": [
            315.080540049818, 
            5.967541486899893
        ]
    }, 
    "route_chicago_mcrimes": {
        "duration": [
            590.4139554507558, 
            9.698448136089052
        ], 
        "route_length": [
            2827.155453631841, 
            16.023274099464427
        ], 
        "time_loss": [
            386.8872711374257, 
            8.306186361667338
        ]
    }, 
    "context_austin_same": {
        "crimes": [
            0.03684256922697847, 
            0.0022941948888565065
        ], 
        "traffic": [
            1.049628805697229, 
            0.02138288852086771
        ], 
        "crashes": [
            0.5982957246032325, 
            0.015334226119110624
        ]
    }, 
    "context_chicago_mcrimes": {
        "crimes": [
            0.06006250452022799, 
            0.004118381746396022
        ], 
        "traffic": [
            1.0706023086303007, 
            0.01771187542534071
        ], 
        "crashes": [
            0.014643200317866065, 
            0.0012145569701015537
        ]
    }, 
    "route_austin_baseline": {
        "duration": [
            346.4338864435816, 
            3.1329236281976804
        ], 
        "route_length": [
            2075.4108948409503, 
            8.037363116368256
        ], 
        "time_loss": [
            229.62057593246308, 
            3.023606504442313
        ]
    }, 
    "context_chicago_crashes": {
        "crimes": [
            0.13572202692244462, 
            0.005012858486688024
        ], 
        "traffic": [
            2.0986885380840525, 
            0.04559788498056692
        ], 
        "crashes": [
            0.01193577608891277, 
            0.0011812949639463863
        ]
    }, 
    "context_austin_crashes": {
        "crimes": [
            0.1234678044367441, 
            0.008590623747056025
        ], 
        "traffic": [
            2.731908725890879, 
            0.13668229281768887
        ], 
        "crashes": [
            0.593024523470885, 
            0.014684270742732312
        ]
    }, 
    "route_chicago_same": {
        "duration": [
            588.1212241229659, 
            7.562019070845206
        ], 
        "route_length": [
            2819.8989819455205, 
            16.02160655699814
        ], 
        "time_loss": [
            385.3767248431342, 
            6.505024307908981
        ]
    }, 
    "route_austin_mtraffic": {
        "duration": [
            490.43928052799026, 
            6.838349733832748
        ], 
        "route_length": [
            2830.0967795540473, 
            23.49191154804361
        ], 
        "time_loss": [
            276.63628089555345, 
            5.1408299085638305
        ]
    }, 
    "route_chicago_crashes": {
        "duration": [
            441.18095934526644, 
            6.5743084078318015
        ], 
        "route_length": [
            2105.365428344852, 
            7.344506805625834
        ], 
        "time_loss": [
            310.81862807691243, 
            6.263790705663193
        ]
    }, 
    "context_chicago_mcrashes": {
        "crimes": [
            0.06292343753719187, 
            0.00443958067478358
        ], 
        "traffic": [
            1.0613176419714594, 
            0.014454332609521113
        ], 
        "crashes": [
            0.01393042953330357, 
            0.0011404709304571842
        ]
    }, 
    "route_austin_crimes": {
        "duration": [
            406.5882360979175, 
            15.915702229209568
        ], 
        "route_length": [
            2133.3541985787115, 
            10.560949417286688
        ], 
        "time_loss": [
            269.059845313993, 
            15.198935332587121
        ]
    }, 
    "context_austin_mcrimes": {
        "crimes": [
            0.03683411650711368, 
            0.00237565244927248
        ], 
        "traffic": [
            1.066555846284584, 
            0.013397877157689812
        ], 
        "crashes": [
            0.6056110410859036, 
            0.01688436559979686
        ]
    }, 
    "context_austin_mtraffic": {
        "crimes": [
            0.03712150381922692, 
            0.002465491322384479
        ], 
        "traffic": [
            1.0083053760788316, 
            0.014172858947487215
        ], 
        "crashes": [
            0.6248340016975125, 
            0.01598626359378148
        ]
    }, 
    "route_austin_traffic": {
        "duration": [
            498.0065862286673, 
            6.104020401091505
        ], 
        "route_length": [
            2915.074442314647, 
            15.628288554242763
        ], 
        "time_loss": [
            273.42007840365864, 
            5.3387888798151835
        ]
    }, 
    "route_chicago_traffic": {
        "duration": [
            586.3516636070682, 
            5.806053413070251
        ], 
        "route_length": [
            2827.061532822423, 
            17.469472322110832
        ], 
        "time_loss": [
            381.38525843391153, 
            4.744137437417278
        ]
    }, 
    "context_chicago_crimes": {
        "crimes": [
            0.06266694272145742, 
            0.0027769877837151864
        ], 
        "traffic": [
            2.1356679099722307, 
            0.04003480588804529
        ], 
        "crashes": [
            0.029628209909263924, 
            0.0014125952736983901
        ]
    }, 
    "route_chicago_baseline": {
        "duration": [
            541.3712624652535, 
            8.191635758239416
        ], 
        "route_length": [
            2059.8138222398475, 
            7.401088270343448
        ], 
        "time_loss": [
            440.03359198794885, 
            8.069136678469466
        ]
    }, 
    "context_chicago_baseline": {
        "crimes": [
            0.42003501873150084, 
            0.01433645686186306
        ], 
        "traffic": [
            3.021232301034603, 
            0.05017188649848609
        ], 
        "crashes": [
            0.02239899016552149, 
            0.0013440881662695016
        ]
    }, 
    "route_austin_same": {
        "duration": [
            486.8975911393468, 
            8.727360154752889
        ], 
        "route_length": [
            2830.940774866973, 
            21.395376965346824
        ], 
        "time_loss": [
            274.07709958247244, 
            7.296993811423285
        ]
    }, 
    "context_austin_crimes": {
        "crimes": [
            0.04135980180769942, 
            0.0028369276113724548
        ], 
        "traffic": [
            2.5239327053297496, 
            0.14108329203400663
        ], 
        "crashes": [
            0.9210581085401264, 
            0.03400023001037177
        ]
    }, 
    "route_chicago_mcrashes": {
        "duration": [
            589.7987774626206, 
            8.187229680324812
        ], 
        "route_length": [
            2820.453548390828, 
            14.851437996376335
        ], 
        "time_loss": [
            386.9097938710381, 
            7.157513476019959
        ]
    }, 
    "route_austin_mcrimes": {
        "duration": [
            491.50635669347196, 
            7.051181103731739
        ], 
        "route_length": [
            2834.5187545092513, 
            21.413796306020092
        ], 
        "time_loss": [
            278.8158888550625, 
            5.768642566152179
        ]
    },