{
    "context_chicago_same": {
        "crimes": [
            0.21859258672996013, 
            1.4524116929340027
        ], 
        "traffic": [
            1.3766761664155802, 
            1.1095073821821746
        ], 
        "crashes": [
            2.554357858735828, 
            4.596229933708971
        ]
    }, 
    "route_chicago_crimes": {
        "duration": [
            513.7532803340588, 
            532.488275900331
        ], 
        "route_length": [
            2190.2226950686613, 
            1141.8967622858822
        ], 
        "time_loss": [
            380.6458182155103, 
            499.8037328408665
        ]
    }, 
    "route_chicago_mcrimes": {
        "duration": [
            533.9320551477374, 
            411.26868905486947
        ], 
        "route_length": [
            2544.9748264511263, 
            1517.4866412814813
        ], 
        "time_loss": [
            362.27460016250603, 
            331.30305194595553
        ]
    }, 
    "context_austin_same": {
        "crimes": [
            0.0, 
            0.0
        ], 
        "traffic": [
            1.254098628573314, 
            1.0484720377780532
        ], 
        "crashes": [
            2.1724545875218597, 
            4.390614858270015
        ]
    }, 
    "context_chicago_mcrimes": {
        "crimes": [
            0.1955195768027709, 
            1.275719836600146
        ], 
        "traffic": [
            1.4049165777937276, 
            1.1523157051249628
        ], 
        "crashes": [
            2.5477516312553794, 
            4.643763568649482
        ]
    }, 
    "route_austin_baseline": {
        "duration": [
            346.4338864435816, 
            201.82512144710176
        ], 
        "route_length": [
            2075.4108948409503, 
            907.3686920031053
        ], 
        "time_loss": [
            229.62057593246308, 
            170.11439379390623
        ]
    }, 
    "route_chicago_mtraffic": {
        "duration": [
            528.1608620844847, 
            393.001163846199
        ], 
        "route_length": [
            2558.394230072571, 
            1530.3673014839574
        ], 
        "time_loss": [
            352.867489509072, 
            306.5882166812773
        ]
    }, 
    "route_chicago_same": {
        "duration": [
            525.0463062375009, 
            397.96856867351244
        ], 
        "route_length": [
            2528.2904553889603, 
            1503.2783275062193
        ], 
        "time_loss": [
            354.1167785534515, 
            318.0668138413221
        ]
    }, 
    "route_austin_mtraffic": {
        "duration": [
            429.47240877162557, 
            318.34332962461224
        ], 
        "route_length": [
            2530.9727125019326, 
            1494.1333651263708
        ], 
        "time_loss": [
            245.0634152856997, 
            210.6391786805119
        ]
    }, 
    "route_chicago_crashes": {
        "duration": [
            451.633713553113, 
            360.1175478446109
        ], 
        "route_length": [
            2156.0375246214235, 
            1073.3606198067419
        ], 
        "time_loss": [
            318.3599307127787, 
            321.53691308490767
        ]
    }, 
    "context_chicago_mcrashes": {
        "crimes": [
            0.2571494457769983, 
            1.7467100181916908
        ], 
        "traffic": [
            1.4563513983774143, 
            1.2200632491788428
        ], 
        "crashes": [
            2.484236152709482, 
            4.451127257457424
        ]
    }, 
    "route_austin_crimes": {
        "duration": [
            381.33112476771333, 
            260.7724834070725
        ], 
        "route_length": [
            2077.827406716931, 
            921.8269456694886
        ], 
        "time_loss": [
            249.2223391267752, 
            221.8215627024221
        ]
    }, 
    "context_austin_mcrimes": {
        "crimes": [
            0.0, 
            0.0
        ], 
        "traffic": [
            1.254098628573314, 
            1.0484720377780532
        ], 
        "crashes": [
            2.1724545875218597, 
            4.390614858270015
        ]
    }, 
    "context_austin_mtraffic": {
        "crimes": [
            0.0, 
            0.0
        ], 
        "traffic": [
            1.122458520838594, 
            0.9043305769757461
        ], 
        "crashes": [
            2.280286878837574, 
            4.612296406978164
        ]
    }, 
    "route_austin_traffic": {
        "duration": [
            498.0065862286673, 
            394.64177027675044
        ], 
        "route_length": [
            2915.074442314647, 
            1919.3870737544403
        ], 
        "time_loss": [
            273.42007840365864, 
            238.87326034213578
        ]
    }, 
    "route_chicago_traffic": {
        "duration": [
            586.3516636070682, 
            426.42211602888466
        ], 
        "route_length": [
            2827.061532822423, 
            1771.5848288193313
        ], 
        "time_loss": [
            381.38525843391153, 
            311.8750666486769
        ]
    }, 
    "context_austin_crashes": {
        "crimes": [
            0.0, 
            0.0
        ], 
        "traffic": [
            4.40803663187679, 
            4.123003483483549
        ], 
        "crashes": [
            1.1862122104442876, 
            3.2059518011826698
        ]
    }, 
    "context_chicago_crimes": {
        "crimes": [
            0.20811599762480687, 
            1.255881112609949
        ], 
        "traffic": [
            2.5225741442269083, 
            2.1686976522067845
        ], 
        "crashes": [
            2.4798115057580774, 
            4.831106209675136
        ]
    }, 
    "route_chicago_baseline": {
        "duration": [
            541.3712624652535, 
            576.6466543494607
        ], 
        "route_length": [
            2059.8138222398475, 
            935.6485648215566
        ], 
        "time_loss": [
            440.03359198794885, 
            560.8330150338408
        ]
    }, 
    "context_chicago_baseline": {
        "crimes": [
            1.0955264042490076, 
            5.52250651475679
        ], 
        "traffic": [
            3.021232301034603, 
            2.2540662083460736
        ], 
        "crashes": [
            3.6904215738530626, 
            6.761589577275679
        ]
    }, 
    "route_austin_same": {
        "duration": [
            430.75798939067056, 
            326.15621458232613
        ], 
        "route_length": [
            2499.334615566219, 
            1463.511844197114
        ], 
        "time_loss": [
            250.46231975803607, 
            224.7198432108716
        ]
    }, 
    "context_austin_crimes": {
        "crimes": [
            0.0, 
            0.0
        ], 
        "traffic": [
            2.2684458602782516, 
            1.7737852276942534
        ], 
        "crashes": [
            2.108277773940187, 
            4.39825349214797
        ]
    }, 
    "route_chicago_mcrashes": {
        "duration": [
            514.7126813447768, 
            388.86186838845083
        ], 
        "route_length": [
            2498.24547058882, 
            1479.4357197087768
        ], 
        "time_loss": [
            347.2186524976481, 
            311.0903623968578
        ]
    }, 
    "route_austin_mcrimes": {
        "duration": [
            430.75798939067056, 
            326.15621458232613
        ], 
        "route_length": [
            2499.334615566219, 
            1463.511844197114
        ], 
        "time_loss": [
            250.46231975803607, 
            224.7198432108716
        ]
    }, 
    "context_chicago_crashes": {
        "crimes": [
            0.6270711344901093, 
            3.1933678110162154
        ], 
        "traffic": [
            2.2626976688267204, 
            1.948068038982532
        ],