{
    "context_chicago_same": {
        "crimes": [
            0.2426388256633539, 
            0.020260869927149476
        ], 
        "traffic": [
            1.3877694504168658, 
            0.033687027790947226
        ], 
        "crashes": [
            1.6604850997383527, 
            0.18727549228570986
        ]
    }, 
    "reroute_chicago_baseline": {
        "duration": [
            541.3712624652535, 
            7.476774587151258
        ], 
        "route_length": [
            2059.8138222398475, 
            6.755215970303381
        ], 
        "time_loss": [
            440.03359198794885, 
            7.364965659898587
        ]
    }, 
    "reroute_austin_baseline": {
        "duration": [
            346.4338864435816, 
            2.8595221342981887
        ], 
        "route_length": [
            2075.4108948409503, 
            7.3359648878094905
        ], 
        "time_loss": [
            229.62057593246308, 
            2.7597448105796025
        ]
    }, 
    "context_chicago_mcrimes": {
        "crimes": [
            0.22062172976167677, 
            0.018357132681576908
        ], 
        "traffic": [
            1.4130684981211727, 
            0.03570496618082885
        ], 
        "crashes": [
            1.6751206055621648, 
            0.18967149858774626
        ]
    }, 
    "reroute_chicago_mcrimes": {
        "duration": [
            552.9293835459869, 
            7.567280883849514
        ], 
        "route_length": [
            2585.38333755746, 
            14.622884958811714
        ], 
        "time_loss": [
            377.8957126441016, 
            7.081580232337938
        ]
    }, 
    "context_austin_same": {
        "crimes": [
            0.0056176248139310795, 
            0.002135921861455026
        ], 
        "traffic": [
            1.1153936101609803, 
            0.017586684193786287
        ], 
        "crashes": [
            1.2192133405238617, 
            0.10821216004576205
        ]
    }, 
    "reroute_austin_crashes": {
        "duration": [
            426.33221440420937, 
            21.06001754495116
        ], 
        "route_length": [
            2199.0310788718443, 
            11.886395265934487
        ], 
        "time_loss": [
            283.5174386649523, 
            20.11259370740496
        ]
    }, 
    "reroute_chicago_maxcrashes": {
        "duration": [
            561.9090855404636, 
            8.192094981478455
        ], 
        "route_length": [
            2559.0418846366874, 
            12.583234834620994
        ], 
        "time_loss": [
            391.02535673188726, 
            7.646264090929261
        ]
    }, 
    "reroute_chicago_crimes": {
        "duration": [
            497.7507950962983, 
            7.916586992205458
        ], 
        "route_length": [
            2230.0259957383887, 
            8.52286708977736
        ], 
        "time_loss": [
            359.6412919827694, 
            7.51512701160605
        ]
    }, 
    "reroute_chicago_traffic": {
        "duration": [
            586.3516636070682, 
            5.299375349645243
        ], 
        "route_length": [
            2827.061532822423, 
            15.944960269690139
        ], 
        "time_loss": [
            381.38525843391153, 
            4.3301298149587115
        ]
    }, 
    "context_austin_maxcrashes": {
        "crimes": [
            0.005851606423899226, 
            0.002035658863938937
        ], 
        "traffic": [
            1.4217344307653843, 
            0.046850689372882705
        ], 
        "crashes": [
            1.1973519026212656, 
            0.10109403372761304
        ]
    }, 
    "context_chicago_crashes": {
        "crimes": [
            0.49692157847539764, 
            0.04474799076559977
        ], 
        "traffic": [
            2.762503463982127, 
            0.10569383311061405
        ], 
        "crashes": [
            1.545786516301272, 
            0.18837758752370115
        ]
    }, 
    "reroute_chicago_mtraffic": {
        "duration": [
            545.6558189885526, 
            7.088383188088826
        ], 
        "route_length": [
            2591.8513788825244, 
            13.560925109750176
        ], 
        "time_loss": [
            368.2652994332283, 
            6.32974679866129
        ]
    }, 
    "reroute_austin_traffic": {
        "duration": [
            498.0065862286673, 
            5.57133959092715
        ], 
        "route_length": [
            2915.074442314647, 
            14.264451466301884
        ], 
        "time_loss": [
            273.42007840365864, 
            4.872887687006609
        ]
    }, 
    "context_austin_crashes": {
        "crimes": [
            0.022850638686175647, 
            0.007029145209358019
        ], 
        "traffic": [
            4.032150378251663, 
            0.2085047955650717
        ], 
        "crashes": [
            1.2122405294772405, 
            0.1068943801389197
        ]
    }, 
    "reroute_chicago_maxcrimes": {
        "duration": [
            564.0693686141435, 
            7.829968791530229
        ], 
        "route_length": [
            2603.011335141849, 
            13.587664668993218
        ], 
        "time_loss": [
            387.7311317100516, 
            7.099150642967902
        ]
    }, 
    "context_chicago_mcrashes": {
        "crimes": [
            0.26351547043514184, 
            0.021859276850924335
        ], 
        "traffic": [
            1.5060790530999428, 
            0.04329477452429573
        ], 
        "crashes": [
            1.6113616790808962, 
            0.1826709512750195
        ]
    }, 
    "reroute_austin_mcrimes": {
        "duration": [
            495.85965235761824, 
            6.58527107447157
        ], 
        "route_length": [
            2870.0326934016484, 
            21.861450983215196
        ], 
        "time_loss": [
            277.3074958136318, 
            5.27574699245351
        ]
    }, 
    "reroute_austin_maxcrimes": {
        "duration": [
            495.85965235761824, 
            6.58527107447157
        ], 
        "route_length": [
            2870.0326934016484, 
            21.861450983215196
        ], 
        "time_loss": [
            277.3074958136318, 
            5.27574699245351
        ]
    }, 
    "context_austin_mtraffic": {
        "crimes": [
            0.005767137575631573, 
            0.0021498005862059114
        ], 
        "traffic": [
            1.0431246678113373, 
            0.010438602330530896
        ], 
        "crashes": [
            1.2681158953607632, 
            0.1148619127247901
        ]
    }, 
    "reroute_austin_mtraffic": {
        "duration": [
            494.2847469230222, 
            7.06653727234706
        ], 
        "route_length": [
            2863.318746664271, 
            18.635916843118324
        ], 
        "time_loss": [
            275.8790924246638, 
            5.773684505324948
        ]
    }, 
    "reroute_austin_same": {
        "duration": [
            495.85965235761824, 
            6.58527107447157
        ], 
        "route_length": [
            2870.0326934016484, 
            21.861450983215196
        ], 
        "time_loss": [
            277.3074958136318, 
            5.27574699245351
        ]
    }, 
    "reroute_austin_crimes": {
        "duration": [
            381.33112476771333, 
            17.221007681997282
        ], 
        "route_length": [
            2077.827406716931, 
            9.511499130006815
        ], 
        "time_loss": [
            249.2223391267752, 
            16.474050293501186
        ]
    }, 
    "context_austin_mcrimes": {
        "crimes": [
            0.005511538207433104, 
            0.002142176772256664
        ], 
        "traffic": [
            1.1210778783453956, 
            0.017132555877548916
        ],