{
    "context_chicago_same": {
        "crimes": [
            0.37816501837604183, 
            1.7091132834347715
        ], 
        "traffic": [
            1.4846314674534622, 
            1.2628926876937414
        ], 
        "crashes": [
            2.1601845075674446, 
            4.333614321639607
        ]
    }, 
    "route_chicago_crimes": {
        "duration": [
            497.7507950962983, 
            486.9343709262295
        ], 
        "route_length": [
            2230.0259957383887, 
            1199.067779582215
        ], 
        "time_loss": [
            359.6412919827694, 
            440.23454507409616
        ]
    }, 
    "route_chicago_mcrimes": {
        "duration": [
            552.9293835459869, 
            433.81453781930725
        ], 
        "route_length": [
            2585.38333755746, 
            1552.4760013458529
        ], 
        "time_loss": [
            377.8957126441016, 
            350.4221728630464
        ]
    }, 
    "context_austin_baseline": {
        "crimes": [
            0.0, 
            0.0
        ], 
        "traffic": [
            2.4878512667646984, 
            1.9491149105397692
        ], 
        "crashes": [
            1.1449110343661386, 
            4.465770933422261
        ]
    }, 
    "context_austin_same": {
        "crimes": [
            0.0, 
            0.0
        ], 
        "traffic": [
            1.0201515966991281, 
            0.792874139005492
        ], 
        "crashes": [
            0.6198847363340985, 
            2.5681997816947173
        ]
    }, 
    "context_chicago_mcrimes": {
        "crimes": [
            0.3535173908540937, 
            1.593049985803907
        ], 
        "traffic": [
            1.5073174466012944, 
            1.2877846841110123
        ], 
        "crashes": [
            2.192225783540734, 
            4.4030617344432
        ]
    }, 
    "route_austin_baseline": {
        "duration": [
            346.4338864435816, 
            201.82512144710176
        ], 
        "route_length": [
            2075.4108948409503, 
            907.3686920031053
        ], 
        "time_loss": [
            229.62057593246308, 
            170.11439379390623
        ]
    }, 
    "context_austin_crashes": {
        "crimes": [
            0.0, 
            0.0
        ], 
        "traffic": [
            2.7583426343447432, 
            2.4875834378611863
        ], 
        "crashes": [
            0.7571208925483252, 
            2.8012885756490986
        ]
    }, 
    "route_chicago_same": {
        "duration": [
            548.9749251812801, 
            432.0937594442136
        ], 
        "route_length": [
            2574.6252014663323, 
            1547.5355784169508
        ], 
        "time_loss": [
            374.7469869519776, 
            349.4731278170194
        ]
    }, 
    "route_austin_mtraffic": {
        "duration": [
            494.2847469230222, 
            394.16365621536283
        ], 
        "route_length": [
            2863.318746664271, 
            1870.3425164601672
        ], 
        "time_loss": [
            275.8790924246638, 
            243.12522698750558
        ]
    }, 
    "route_chicago_crashes": {
        "duration": [
            505.8859118030987, 
            487.0441343813444
        ], 
        "route_length": [
            2228.475603218638, 
            1179.055698956247
        ], 
        "time_loss": [
            368.8556554459817, 
            443.5921123247102
        ]
    }, 
    "context_chicago_mcrashes": {
        "crimes": [
            0.41242319692275153, 
            1.8449898652721792
        ], 
        "traffic": [
            1.6019896132953675, 
            1.4225371555726187
        ], 
        "crashes": [
            2.088044902925719, 
            4.2037471134027475
        ]
    }, 
    "route_austin_crimes": {
        "duration": [
            381.33112476771333, 
            260.7724834070725
        ], 
        "route_length": [
            2077.827406716931, 
            921.8269456694886
        ], 
        "time_loss": [
            249.2223391267752, 
            221.8215627024221
        ]
    }, 
    "context_austin_mcrimes": {
        "crimes": [
            0.0, 
            0.0
        ], 
        "traffic": [
            1.0201515966991281, 
            0.792874139005492
        ], 
        "crashes": [
            0.6198847363340985, 
            2.5681997816947173
        ]
    }, 
    "context_austin_mtraffic": {
        "crimes": [
            0.0, 
            0.0
        ], 
        "traffic": [
            0.9886667618879811, 
            0.7441459559727643
        ], 
        "crashes": [
            0.6366452388929063, 
            2.637830015644315
        ]
    }, 
    "route_austin_traffic": {
        "duration": [
            498.0065862286673, 
            394.64177027675044
        ], 
        "route_length": [
            2915.074442314647, 
            1919.3870737544403
        ], 
        "time_loss": [
            273.42007840365864, 
            238.87326034213578
        ]
    }, 
    "route_chicago_traffic": {
        "duration": [
            586.3516636070682, 
            426.42211602888466
        ], 
        "route_length": [
            2827.061532822423, 
            1771.5848288193313
        ], 
        "time_loss": [
            381.38525843391153, 
            311.8750666486769
        ]
    }, 
    "context_chicago_crimes": {
        "crimes": [
            0.39382386133044833, 
            1.6036944367975274
        ], 
        "traffic": [
            2.412000712089851, 
            2.037434891608377
        ], 
        "crashes": [
            2.369181890726778, 
            5.071570971765042
        ]
    }, 
    "route_chicago_baseline": {
        "duration": [
            541.3712624652535, 
            576.6466543494607
        ], 
        "route_length": [
            2059.8138222398475, 
            935.6485648215566
        ], 
        "time_loss": [
            440.03359198794885, 
            560.8330150338408
        ]
    }, 
    "context_chicago_baseline": {
        "crimes": [
            1.7012387063478804, 
            5.93537328072477
        ], 
        "traffic": [
            3.021232301034603, 
            2.2540662083460736
        ], 
        "crashes": [
            3.4231046515919177, 
            7.103882793243995
        ]
    }, 
    "route_austin_same": {
        "duration": [
            495.85965235761824, 
            393.7689416480938
        ], 
        "route_length": [
            2870.0326934016484, 
            1876.6515333786897
        ], 
        "time_loss": [
            277.3074958136318, 
            243.91649451687493
        ]
    }, 
    "context_austin_crimes": {
        "crimes": [
            0.0, 
            0.0
        ], 
        "traffic": [
            2.2684458602782516, 
            1.7737852276942534
        ], 
        "crashes": [
            0.9006930235736007, 
            3.2882721436006435
        ]
    }, 
    "route_chicago_mcrashes": {
        "duration": [
            550.0266819388479, 
            441.47337791818006
        ], 
        "route_length": [
            2562.6007857340805, 
            1543.4099843460376
        ], 
        "time_loss": [
            377.4597200058243, 
            360.18119268699576
        ]
    }, 
    "route_austin_mcrimes": {
        "duration": [
            495.85965235761824, 
            393.7689416480938
        ], 
        "route_length": [
            2870.0326934016484, 
            1876.6515333786897
        ], 
        "time_loss": [
            277.3074958136318, 
            243.91649451687493
        ]
    }, 
    "route_chicago_mtraffic": {
        "duration": [
            545.6558189885526, 
            415.876641997937
        ], 
        "route_length": [
            2591.8513788825244, 
            1563.093001048004
        ],