{
    "context_chicago_same": {
        "crimes": [
            0.21700155163807383, 
            1.30116682216792
        ], 
        "traffic": [
            1.4499613383829484, 
            1.197968123458137
        ], 
        "crashes": [
            3.5366976238137973, 
            5.1034760570798765
        ]
    }, 
    "route_chicago_crimes": {
        "duration": [
            466.6196557013433, 
            382.4176324180531
        ], 
        "route_length": [
            2181.019680165988, 
            1098.1623586491662
        ], 
        "time_loss": [
            332.28219512169187, 
            344.9893739278859
        ]
    }, 
    "route_chicago_mcrimes": {
        "duration": [
            515.810753766847, 
            391.1426505135876
        ], 
        "route_length": [
            2482.42488348429, 
            1471.341428764373
        ], 
        "time_loss": [
            349.30890207467905, 
            313.01611501010234
        ]
    }, 
    "context_austin_same": {
        "crimes": [
            0.0, 
            0.0
        ], 
        "traffic": [
            1.1830582253694428, 
            0.9382508225460299
        ], 
        "crashes": [
            1.2188567856214596, 
            3.1110491578316646
        ]
    }, 
    "context_chicago_mcrimes": {
        "crimes": [
            0.19203867308525796, 
            1.1919757197999665
        ], 
        "traffic": [
            1.466715002045015, 
            1.2143629902677326
        ], 
        "crashes": [
            3.594412886167457, 
            5.177438047768816
        ]
    }, 
    "route_austin_baseline": {
        "duration": [
            346.4338864435816, 
            201.82512144710176
        ], 
        "route_length": [
            2075.4108948409503, 
            907.3686920031053
        ], 
        "time_loss": [
            229.62057593246308, 
            170.11439379390623
        ]
    }, 
    "context_chicago_crashes": {
        "crimes": [
            0.3216789402801517, 
            1.7763055502822571
        ], 
        "traffic": [
            2.2666731160823925, 
            1.963886700878339
        ], 
        "crashes": [
            3.521791337936443, 
            5.016005311042305
        ]
    }, 
    "route_chicago_same": {
        "duration": [
            513.9941383791377, 
            388.5136480558657
        ], 
        "route_length": [
            2476.3378740149465, 
            1466.4835132770797
        ], 
        "time_loss": [
            347.81919492434804, 
            310.70729242495196
        ]
    }, 
    "route_austin_mtraffic": {
        "duration": [
            481.1650825774482, 
            385.4587817098344
        ], 
        "route_length": [
            2758.8351023016744, 
            1777.0047829611262
        ], 
        "time_loss": [
            275.6432566571307, 
            248.102414888158
        ]
    }, 
    "route_chicago_crashes": {
        "duration": [
            453.3498285898437, 
            375.9364420841572
        ], 
        "route_length": [
            2138.6839647609545, 
            1049.921728566855
        ], 
        "time_loss": [
            322.09770564381995, 
            342.08937048360724
        ]
    }, 
    "context_chicago_mcrashes": {
        "crimes": [
            0.24902242758273516, 
            1.4349101774404924
        ], 
        "traffic": [
            1.5809702062034159, 
            1.3671930697470063
        ], 
        "crashes": [
            3.4534672304403164, 
            4.98954546972854
        ]
    }, 
    "route_austin_crashes": {
        "duration": [
            576.6953241924366, 
            663.224022635047
        ], 
        "route_length": [
            2274.148800737109, 
            1178.4764185376778
        ], 
        "time_loss": [
            431.17642515235, 
            610.9625461535463
        ]
    }, 
    "route_austin_crimes": {
        "duration": [
            381.33112476771333, 
            260.7724834070725
        ], 
        "route_length": [
            2077.827406716931, 
            921.8269456694886
        ], 
        "time_loss": [
            249.2223391267752, 
            221.8215627024221
        ]
    }, 
    "context_austin_mcrimes": {
        "crimes": [
            0.0, 
            0.0
        ], 
        "traffic": [
            1.1830582253694428, 
            0.9382508225460299
        ], 
        "crashes": [
            1.2188567856214596, 
            3.1110491578316646
        ]
    }, 
    "context_austin_mtraffic": {
        "crimes": [
            0.0, 
            0.0
        ], 
        "traffic": [
            1.0868010013043423, 
            0.812582695774936
        ], 
        "crashes": [
            1.2386733098630835, 
            3.169806518746892
        ]
    }, 
    "route_austin_traffic": {
        "duration": [
            498.0065862286673, 
            394.64177027675044
        ], 
        "route_length": [
            2915.074442314647, 
            1919.3870737544403
        ], 
        "time_loss": [
            273.42007840365864, 
            238.87326034213578
        ]
    }, 
    "route_chicago_traffic": {
        "duration": [
            586.3516636070682, 
            426.42211602888466
        ], 
        "route_length": [
            2827.061532822423, 
            1771.5848288193313
        ], 
        "time_loss": [
            381.38525843391153, 
            311.8750666486769
        ]
    }, 
    "context_chicago_crimes": {
        "crimes": [
            0.2063444367904852, 
            1.1646741319982241
        ], 
        "traffic": [
            2.33265604751804, 
            1.9098177951672572
        ], 
        "crashes": [
            4.349076581472212, 
            6.185922426526064
        ]
    }, 
    "route_chicago_baseline": {
        "duration": [
            541.3712624652535, 
            576.6466543494607
        ], 
        "route_length": [
            2059.8138222398475, 
            935.6485648215566
        ], 
        "time_loss": [
            440.03359198794885, 
            560.8330150338408
        ]
    }, 
    "context_chicago_baseline": {
        "crimes": [
            1.075042098463641, 
            5.2358662413191315
        ], 
        "traffic": [
            3.021232301034603, 
            2.2540662083460736
        ], 
        "crashes": [
            5.84503610249331, 
            8.466186968465347
        ]
    }, 
    "route_austin_same": {
        "duration": [
            489.26621699562975, 
            394.62904956247763
        ], 
        "route_length": [
            2774.0950550673615, 
            1801.9596637693849
        ], 
        "time_loss": [
            283.67082984074256, 
            257.8878371320395
        ]
    }, 
    "context_austin_crimes": {
        "crimes": [
            0.0, 
            0.0
        ], 
        "traffic": [
            2.2684458602782516, 
            1.7737852276942534
        ], 
        "crashes": [
            1.5347122987030353, 
            3.7352379862071907
        ]
    }, 
    "route_austin_mcrimes": {
        "duration": [
            489.26621699562975, 
            394.62904956247763
        ], 
        "route_length": [
            2774.0950550673615, 
            1801.9596637693849
        ], 
        "time_loss": [
            283.67082984074256, 
            257.8878371320395
        ]
    }, 
    "context_austin_baseline": {
        "crimes": [
            0.0, 
            0.0
        ], 
        "traffic": [
            2.4878512667646984, 
            1.9491149105397692
        ], 
        "crashes": [
            1.9306783127637677, 
            4.857497563453047
        ]
    }, 
    "context_austin_mcrashes": {
        "crimes": [
            0.0, 
            0.0
        ], 
        "traffic": [
            1.3375090312232525, 
            1.1052768179730332
        ],