{
    "context_chicago_same": {
        "crimes": [
            0.2426388256633539, 
            0.020260869927149476
        ], 
        "traffic": [
            1.3877694504168658, 
            0.033687027790947226
        ], 
        "crashes": [
            1.6604850997383527, 
            0.18727549228570986
        ]
    }, 
    "reroute_chicago_baseline": {
        "duration": [
            541.3712624652535, 
            7.476774587151258
        ], 
        "route_length": [
            2059.8138222398475, 
            6.755215970303381
        ], 
        "time_loss": [
            440.03359198794885, 
            7.364965659898587
        ]
    }, 
    "reroute_austin_baseline": {
        "duration": [
            346.4338864435816, 
            2.8595221342981887
        ], 
        "route_length": [
            2075.4108948409503, 
            7.3359648878094905
        ], 
        "time_loss": [
            229.62057593246308, 
            2.7597448105796025
        ]
    }, 
    "context_chicago_mcrimes": {
        "crimes": [
            0.22062172976167677, 
            0.018357132681576908
        ], 
        "traffic": [
            1.4130684981211727, 
            0.03570496618082885
        ], 
        "crashes": [
            1.6751206055621648, 
            0.18967149858774626
        ]
    }, 
    "reroute_chicago_mcrimes": {
        "duration": [
            515.810753766847, 
            6.2398950548049115
        ], 
        "route_length": [
            2482.42488348429, 
            11.782788041785627
        ], 
        "time_loss": [
            349.30890207467905, 
            5.806574054863106
        ]
    }, 
    "context_austin_same": {
        "crimes": [
            0.0056176248139310795, 
            0.002135921861455026
        ], 
        "traffic": [
            1.1153936101609803, 
            0.017586684193786287
        ], 
        "crashes": [
            1.2192133405238617, 
            0.10821216004576205
        ]
    }, 
    "reroute_austin_crashes": {
        "duration": [
            576.6953241924366, 
            15.44798962143592
        ], 
        "route_length": [
            2274.148800737109, 
            9.835231168972854
        ], 
        "time_loss": [
            431.17642515235, 
            14.77391585148129
        ]
    }, 
    "reroute_chicago_maxcrashes": {
        "duration": [
            523.6352201170342, 
            6.824648254554002
        ], 
        "route_length": [
            2459.003380145865, 
            11.76913671383453
        ], 
        "time_loss": [
            359.9638447676993, 
            6.331018534179426
        ]
    }, 
    "reroute_chicago_crimes": {
        "duration": [
            466.6196557013433, 
            5.6588062845519636
        ], 
        "route_length": [
            2181.019680165988, 
            6.960068654106424
        ], 
        "time_loss": [
            332.28219512169187, 
            5.342341390815088
        ]
    }, 
    "reroute_chicago_traffic": {
        "duration": [
            586.3516636070682, 
            5.299375349645243
        ], 
        "route_length": [
            2827.061532822423, 
            15.944960269690139
        ], 
        "time_loss": [
            381.38525843391153, 
            4.3301298149587115
        ]
    }, 
    "context_austin_maxcrashes": {
        "crimes": [
            0.005851606423899226, 
            0.002035658863938937
        ], 
        "traffic": [
            1.4217344307653843, 
            0.046850689372882705
        ], 
        "crashes": [
            1.1973519026212656, 
            0.10109403372761304
        ]
    }, 
    "context_chicago_crashes": {
        "crimes": [
            0.49692157847539764, 
            0.04474799076559977
        ], 
        "traffic": [
            2.762503463982127, 
            0.10569383311061405
        ], 
        "crashes": [
            1.545786516301272, 
            0.18837758752370115
        ]
    }, 
    "reroute_chicago_mtraffic": {
        "duration": [
            516.8348995126826, 
            6.780455919252239
        ], 
        "route_length": [
            2498.5682995867965, 
            11.465502692562072
        ], 
        "time_loss": [
            347.15127104207863, 
            6.30519221745497
        ]
    }, 
    "reroute_austin_traffic": {
        "duration": [
            498.0065862286673, 
            5.57133959092715
        ], 
        "route_length": [
            2915.074442314647, 
            14.264451466301884
        ], 
        "time_loss": [
            273.42007840365864, 
            4.872887687006609
        ]
    }, 
    "context_austin_crashes": {
        "crimes": [
            0.022850638686175647, 
            0.007029145209358019
        ], 
        "traffic": [
            4.032150378251663, 
            0.2085047955650717
        ], 
        "crashes": [
            1.2122405294772405, 
            0.1068943801389197
        ]
    }, 
    "reroute_chicago_maxcrimes": {
        "duration": [
            523.5164228800004, 
            6.075500912836593
        ], 
        "route_length": [
            2494.1510044883817, 
            11.609659358573069
        ], 
        "time_loss": [
            356.10970442107686, 
            5.712702710929223
        ]
    }, 
    "context_chicago_mcrashes": {
        "crimes": [
            0.26351547043514184, 
            0.021859276850924335
        ], 
        "traffic": [
            1.5060790530999428, 
            0.04329477452429573
        ], 
        "crashes": [
            1.6113616790808962, 
            0.1826709512750195
        ]
    }, 
    "reroute_austin_mcrimes": {
        "duration": [
            489.26621699562975, 
            8.173994736202236
        ], 
        "route_length": [
            2774.0950550673615, 
            19.676969702494482
        ], 
        "time_loss": [
            283.67082984074256, 
            6.773358279233596
        ]
    }, 
    "reroute_austin_maxcrimes": {
        "duration": [
            489.26621699562975, 
            8.173994736202236
        ], 
        "route_length": [
            2774.0950550673615, 
            19.676969702494482
        ], 
        "time_loss": [
            283.67082984074256, 
            6.773358279233596
        ]
    }, 
    "context_austin_mtraffic": {
        "crimes": [
            0.005767137575631573, 
            0.0021498005862059114
        ], 
        "traffic": [
            1.0431246678113373, 
            0.010438602330530896
        ], 
        "crashes": [
            1.2681158953607632, 
            0.1148619127247901
        ]
    }, 
    "reroute_austin_mtraffic": {
        "duration": [
            481.1650825774482, 
            7.198481434291784
        ], 
        "route_length": [
            2758.8351023016744, 
            17.488204956928282
        ], 
        "time_loss": [
            275.6432566571307, 
            6.129214750245984
        ]
    }, 
    "reroute_austin_same": {
        "duration": [
            489.26621699562975, 
            8.173994736202236
        ], 
        "route_length": [
            2774.0950550673615, 
            19.676969702494482
        ], 
        "time_loss": [
            283.67082984074256, 
            6.773358279233596
        ]
    }, 
    "reroute_austin_crimes": {
        "duration": [
            381.33112476771333, 
            17.221007681997282
        ], 
        "route_length": [
            2077.827406716931, 
            9.511499130006815
        ], 
        "time_loss": [
            249.2223391267752, 
            16.474050293501186
        ]
    }, 
    "context_austin_mcrimes": {
        "crimes": [
            0.005511538207433104, 
            0.002142176772256664
        ], 
        "traffic": [
            1.1210778783453956, 
            0.017132555877548916
        ],