{
    "crashes": {
        "std": 0.5577143380301446, 
        "mean": 0.07226409845418107
    }, 
    "total_count": 3522, 
    "crimes": {
        "std": 3.6325238402407325, 
        "mean": 1.0260590022092158
    }, 
    "traffic": {
        "std": 1.3364838547021372, 
        "mean": 1.898023961347527
    }, 
    "error_count": 0, 
    "success_count": 3522
}