{
    "crashes": {
        "std": 0.57489184505063, 
        "mean": 0.07579175596757964
    }, 
    "total_count": 3349, 
    "crimes": {
        "std": 3.8530027457887286, 
        "mean": 1.1550172683448945
    }, 
    "traffic": {
        "std": 1.4315252140150572, 
        "mean": 1.9087969816247539
    }, 
    "error_count": 0, 
    "success_count": 3349
}