{
    "crashes": {
        "std": 0.5237695571289168, 
        "mean": 0.07172301512236215
    }, 
    "total_count": 3677, 
    "crimes": {
        "std": 3.786880115899544, 
        "mean": 1.0672718710214955
    }, 
    "traffic": {
        "std": 1.5065183056555285, 
        "mean": 2.0305719413107752
    }, 
    "error_count": 0, 
    "success_count": 3677
}