{
    "crashes": {
        "std": 0.6193115126799237, 
        "mean": 0.08386577235387394
    }, 
    "total_count": 3256, 
    "crimes": {
        "std": 3.7740656835962088, 
        "mean": 1.0942946383535348
    }, 
    "traffic": {
        "std": 1.3555480139282226, 
        "mean": 1.8538206155577723
    }, 
    "error_count": 0, 
    "success_count": 3256
}