{
    "crashes": {
        "std": 0.5214554063900909, 
        "mean": 0.07631242366368451
    }, 
    "total_count": 3458, 
    "crimes": {
        "std": 3.710696575981629, 
        "mean": 1.083235227607469
    }, 
    "traffic": {
        "std": 1.516526833133641, 
        "mean": 1.9975722316995894
    }, 
    "error_count": 0, 
    "success_count": 3458
}