{
    "crashes": {
        "std": 0.45850766606878574, 
        "mean": 0.0688341380396489
    }, 
    "total_count": 3365, 
    "crimes": {
        "std": 3.789819008876024, 
        "mean": 1.1065154557980457
    }, 
    "traffic": {
        "std": 1.4398467764311271, 
        "mean": 1.885145459903977
    }, 
    "error_count": 0, 
    "success_count": 3365
}