{
    "crashes": {
        "std": 0.6520055939202276, 
        "mean": 0.08396552920973155
    }, 
    "total_count": 3493, 
    "crimes": {
        "std": 3.530715934249843, 
        "mean": 0.9900472645020607
    }, 
    "traffic": {
        "std": 1.5659532233973104, 
        "mean": 2.0592501380352495
    }, 
    "error_count": 0, 
    "success_count": 3493
}