{
    "crashes": {
        "std": 0.627321925232596, 
        "mean": 0.08896259350480375
    }, 
    "total_count": 3665, 
    "crimes": {
        "std": 3.7578916076361963, 
        "mean": 1.0833579743622188
    }, 
    "traffic": {
        "std": 1.4899656789593816, 
        "mean": 1.9720294884688039
    }, 
    "error_count": 0, 
    "success_count": 3665
}