{
    "crashes": {
        "std": 0.4999378273087095, 
        "mean": 0.0680782300357927
    }, 
    "total_count": 3371, 
    "crimes": {
        "std": 3.808275279305288, 
        "mean": 1.0702219900490564
    }, 
    "traffic": {
        "std": 1.373709527603678, 
        "mean": 1.8349059985713831
    }, 
    "error_count": 0, 
    "success_count": 3371
}