{
    "crashes": {
        "std": 0.739819872361519, 
        "mean": 0.10336508553629063
    }, 
    "total_count": 3636, 
    "crimes": {
        "std": 3.8137898544235043, 
        "mean": 1.1007320565113947
    }, 
    "traffic": {
        "std": 1.5097903865906577, 
        "mean": 2.0758224566246164
    }, 
    "error_count": 0, 
    "success_count": 3636
}