{
    "crashes": {
        "std": 0.5757011297489357, 
        "mean": 0.07451638894204439
    }, 
    "total_count": 3578, 
    "crimes": {
        "std": 3.492768298424319, 
        "mean": 1.0159794180523918
    }, 
    "traffic": {
        "std": 1.6119391511268588, 
        "mean": 2.0441897855910836
    }, 
    "error_count": 0, 
    "success_count": 3578
}