{
    "crashes": {
        "std": 0.49654361503644057, 
        "mean": 0.07385411065741981
    }, 
    "total_count": 3420, 
    "crimes": {
        "std": 3.890433375292045, 
        "mean": 1.1227660113956626
    }, 
    "traffic": {
        "std": 1.3978709585463178, 
        "mean": 1.9178605172689858
    }, 
    "error_count": 0, 
    "success_count": 3420
}