{
    "crashes": {
        "std": 0.507157807800919, 
        "mean": 0.06457998515710003
    }, 
    "total_count": 3440, 
    "crimes": {
        "std": 3.4953830213712282, 
        "mean": 0.9653505482542959
    }, 
    "traffic": {
        "std": 1.322968722253487, 
        "mean": 1.8665337790597973
    }, 
    "error_count": 0, 
    "success_count": 3440
}