{
    "crashes": {
        "std": 0.6155892092791992, 
        "mean": 0.0877691737343953
    }, 
    "total_count": 3413, 
    "crimes": {
        "std": 3.7755802858223975, 
        "mean": 1.1261106819597806
    }, 
    "traffic": {
        "std": 1.4273439997356598, 
        "mean": 1.9326753746677514
    }, 
    "error_count": 0, 
    "success_count": 3413
}