{
    "crashes": {
        "std": 0.7034946467841481, 
        "mean": 0.08986069530199728
    }, 
    "total_count": 3300, 
    "crimes": {
        "std": 3.9073209134794435, 
        "mean": 1.133718580532985
    }, 
    "traffic": {
        "std": 1.3239290566062243, 
        "mean": 1.7842745850026178
    }, 
    "error_count": 0, 
    "success_count": 3300
}