{
    "crashes": {
        "std": 0.49566911921032275, 
        "mean": 0.07630508376475079
    }, 
    "total_count": 3713, 
    "crimes": {
        "std": 3.818688047960757, 
        "mean": 1.1299261404011567
    }, 
    "traffic": {
        "std": 1.4241781985793123, 
        "mean": 1.9707614648968121
    }, 
    "error_count": 0, 
    "success_count": 3713
}