{
    "crashes": {
        "std": 0.550206607846114, 
        "mean": 0.0729677026364465
    }, 
    "total_count": 3411, 
    "crimes": {
        "std": 3.868786242535709, 
        "mean": 1.0866614736026745
    }, 
    "traffic": {
        "std": 1.4043409337736938, 
        "mean": 1.8832517614026676
    }, 
    "error_count": 0, 
    "success_count": 3411
}