{
    "crashes": {
        "std": 0.5625609660334577, 
        "mean": 0.07858429871564328
    }, 
    "total_count": 3451, 
    "crimes": {
        "std": 3.9230472691503113, 
        "mean": 1.144216065933696
    }, 
    "traffic": {
        "std": 1.3959945309758588, 
        "mean": 1.8612821772707897
    }, 
    "error_count": 0, 
    "success_count": 3451
}