{
    "crashes": {
        "std": 0.6491055387816956, 
        "mean": 0.08884940864396866
    }, 
    "total_count": 3391, 
    "crimes": {
        "std": 3.686521107225561, 
        "mean": 0.9959301999376047
    }, 
    "traffic": {
        "std": 1.4387168091572233, 
        "mean": 1.9454974162250782
    }, 
    "error_count": 0, 
    "success_count": 3391
}