{
    "crashes": {
        "std": 0.5979653518001686, 
        "mean": 0.07381924617721058
    }, 
    "total_count": 3548, 
    "crimes": {
        "std": 3.7583287278033337, 
        "mean": 1.1062167577166706
    }, 
    "traffic": {
        "std": 1.4377022259229126, 
        "mean": 1.942521992403292
    }, 
    "error_count": 0, 
    "success_count": 3548
}