{
    "crashes": {
        "std": 0.4541908298492005, 
        "mean": 0.06434090442412374
    }, 
    "total_count": 3469, 
    "crimes": {
        "std": 3.7028234173616745, 
        "mean": 1.0529624734721628
    }, 
    "traffic": {
        "std": 1.333872303221536, 
        "mean": 1.8449757660073278
    }, 
    "error_count": 0, 
    "success_count": 3469
}