{
    "crashes": {
        "std": 0.5477507655611605, 
        "mean": 0.08700371709214032
    }, 
    "total_count": 3311, 
    "crimes": {
        "std": 3.897709409445404, 
        "mean": 1.1038964876704214
    }, 
    "traffic": {
        "std": 1.4355092294861493, 
        "mean": 1.876509933836262
    }, 
    "error_count": 0, 
    "success_count": 3311
}