{
    "crashes": {
        "std": 0.6844891269570851, 
        "mean": 0.10157328910183513
    }, 
    "total_count": 3588, 
    "crimes": {
        "std": 3.8175713279281247, 
        "mean": 1.090899872108191
    }, 
    "traffic": {
        "std": 1.4877233955932097, 
        "mean": 2.002861026891298
    }, 
    "error_count": 0, 
    "success_count": 3588
}