{
    "crashes": {
        "std": 0.6271344437064389, 
        "mean": 0.094650017036975
    }, 
    "total_count": 3292, 
    "crimes": {
        "std": 3.6951413844253365, 
        "mean": 1.0409214584551438
    }, 
    "traffic": {
        "std": 1.4367704912416754, 
        "mean": 1.906784777028716
    }, 
    "error_count": 0, 
    "success_count": 3292
}