{
    "crashes": {
        "std": 0.6147021526479292, 
        "mean": 0.08020463278525221
    }, 
    "total_count": 3652, 
    "crimes": {
        "std": 3.726568315985012, 
        "mean": 1.1048705531384648
    }, 
    "traffic": {
        "std": 1.4971502513878412, 
        "mean": 2.022473593946448
    }, 
    "error_count": 0, 
    "success_count": 3652
}