{
    "crashes": {
        "std": 0.4869959030058349, 
        "mean": 0.07023097633599328
    }, 
    "total_count": 3455, 
    "crimes": {
        "std": 3.570033958791409, 
        "mean": 1.0312218264080346
    }, 
    "traffic": {
        "std": 1.3384470957000256, 
        "mean": 1.8630988528108396
    }, 
    "error_count": 0, 
    "success_count": 3455
}