{
    "crashes": {
        "std": 0.6384950919593801, 
        "mean": 0.0765894934974423
    }, 
    "total_count": 3440, 
    "crimes": {
        "std": 3.8666905127721156, 
        "mean": 1.181651021783465
    }, 
    "traffic": {
        "std": 1.3695282548318046, 
        "mean": 1.9182708183801334
    }, 
    "error_count": 0, 
    "success_count": 3440
}