{
    "crashes": {
        "std": 0.5463736232434457, 
        "mean": 0.06506622906237539
    }, 
    "total_count": 3503, 
    "crimes": {
        "std": 3.8741937490518135, 
        "mean": 1.1076166618936842
    }, 
    "traffic": {
        "std": 1.4070063817828538, 
        "mean": 1.905834424821615
    }, 
    "error_count": 0, 
    "success_count": 3503
}