{
    "crashes": {
        "std": 0.5420482971216093, 
        "mean": 0.07314484321700852
    }, 
    "total_count": 3701, 
    "crimes": {
        "std": 3.5808156296502194, 
        "mean": 1.0141556170836687
    }, 
    "traffic": {
        "std": 1.4533865664375119, 
        "mean": 1.9886784926210441
    }, 
    "error_count": 0, 
    "success_count": 3701
}