{
    "crashes": {
        "std": 0.6424113429342265, 
        "mean": 0.08371649769984653
    }, 
    "total_count": 3297, 
    "crimes": {
        "std": 3.735813261095897, 
        "mean": 1.0671533843403804
    }, 
    "traffic": {
        "std": 1.4315574042597845, 
        "mean": 1.9195788041928445
    }, 
    "error_count": 0, 
    "success_count": 3297
}