{
    "crashes": {
        "std": 0.5490472236208794, 
        "mean": 0.06732621277080024
    }, 
    "total_count": 3550, 
    "crimes": {
        "std": 3.7416999240785542, 
        "mean": 1.1182880678001177
    }, 
    "traffic": {
        "std": 1.4847967198832284, 
        "mean": 1.9834670893638948
    }, 
    "error_count": 0, 
    "success_count": 3550
}