{
    "crashes": {
        "std": 0.5375038508531255, 
        "mean": 0.0625936735726737
    }, 
    "total_count": 3412, 
    "crimes": {
        "std": 3.743873574420249, 
        "mean": 1.0752749154888783
    }, 
    "traffic": {
        "std": 1.3750117494285177, 
        "mean": 1.886536431164695
    }, 
    "error_count": 0, 
    "success_count": 3412
}