{
    "crashes": {
        "std": 0.5736987852948101, 
        "mean": 0.07312932444965614
    }, 
    "total_count": 3566, 
    "crimes": {
        "std": 4.014503974901085, 
        "mean": 1.1930586437014805
    }, 
    "traffic": {
        "std": 1.4930715880639078, 
        "mean": 2.0021909843539425
    }, 
    "error_count": 0, 
    "success_count": 3566
}