{
    "crashes": {
        "std": 0.11667937955968449, 
        "mean": 0.009328275743949746
    }, 
    "total_count": 3239, 
    "crimes": {
        "std": 0.250432515758395, 
        "mean": 0.050284406030767385
    }, 
    "traffic": {
        "std": 0.21728862132883967, 
        "mean": 0.057111553907329145
    }, 
    "error_count": 1459, 
    "success_count": 1780
}