{
    "crashes": {
        "std": 2.583405532758158, 
        "mean": 0.841295463362158
    }, 
    "total_count": 4506, 
    "crimes": {
        "std": 0.7166943590395728, 
        "mean": 0.09834479905472002
    }, 
    "traffic": {
        "std": 0.6871859405331254, 
        "mean": 0.9258753787433672
    }, 
    "error_count": 0, 
    "success_count": 4506
}