{
    "crashes": {
        "std": 2.748961440801475, 
        "mean": 0.9350793178052281
    }, 
    "total_count": 4500, 
    "crimes": {
        "std": 0.5355815041540339, 
        "mean": 0.06521223394638397
    }, 
    "traffic": {
        "std": 0.7432412661214828, 
        "mean": 0.9568960033556067
    }, 
    "error_count": 0, 
    "success_count": 4500
}