{
    "crashes": {
        "std": 2.8149591269551824, 
        "mean": 0.9254891225753809
    }, 
    "total_count": 4484, 
    "crimes": {
        "std": 0.7554429862921789, 
        "mean": 0.10442082347417182
    }, 
    "traffic": {
        "std": 0.8568707129649346, 
        "mean": 0.9823087908863373
    }, 
    "error_count": 0, 
    "success_count": 4484
}