{
    "crashes": {
        "std": 2.842145485917303, 
        "mean": 0.9360747185024768
    }, 
    "total_count": 4641, 
    "crimes": {
        "std": 0.580385482078028, 
        "mean": 0.07449777580017763
    }, 
    "traffic": {
        "std": 0.7518066259468433, 
        "mean": 0.9343227505789041
    }, 
    "error_count": 0, 
    "success_count": 4641
}