{
    "crashes": {
        "std": 2.87577642342924, 
        "mean": 0.938294132396552
    }, 
    "total_count": 4654, 
    "crimes": {
        "std": 0.6492269541201757, 
        "mean": 0.0850471370587124
    }, 
    "traffic": {
        "std": 0.7325872333619513, 
        "mean": 0.9433744025891025
    }, 
    "error_count": 0, 
    "success_count": 4654
}