{
    "crashes": {
        "std": 2.7656558270161717, 
        "mean": 0.8791164563505536
    }, 
    "total_count": 4385, 
    "crimes": {
        "std": 0.6515714537447139, 
        "mean": 0.09000927672287977
    }, 
    "traffic": {
        "std": 0.7711126078398306, 
        "mean": 0.9120203228044776
    }, 
    "error_count": 0, 
    "success_count": 4385
}