{
    "crashes": {
        "std": 2.7583873420144194, 
        "mean": 0.8686219622594336
    }, 
    "total_count": 4721, 
    "crimes": {
        "std": 0.7054154041171202, 
        "mean": 0.09944290190936586
    }, 
    "traffic": {
        "std": 0.7477513761391104, 
        "mean": 0.9656970051397299
    }, 
    "error_count": 0, 
    "success_count": 4721
}