{
    "crashes": {
        "std": 2.8157997551698464, 
        "mean": 0.9068761294565564
    }, 
    "total_count": 4150, 
    "crimes": {
        "std": 0.6356524643197902, 
        "mean": 0.08677174284886553
    }, 
    "traffic": {
        "std": 0.706098467959927, 
        "mean": 0.8667156536018357
    }, 
    "error_count": 0, 
    "success_count": 4150
}