{
    "crashes": {
        "std": 2.7197704162159524, 
        "mean": 0.9053259627052322
    }, 
    "total_count": 4319, 
    "crimes": {
        "std": 0.6442417366748799, 
        "mean": 0.08124494932167584
    }, 
    "traffic": {
        "std": 0.8220057772654707, 
        "mean": 0.9349754889709923
    }, 
    "error_count": 0, 
    "success_count": 4319
}