{
    "crashes": {
        "std": 2.479243042095843, 
        "mean": 0.7374663766562501
    }, 
    "total_count": 4093, 
    "crimes": {
        "std": 0.583680283611275, 
        "mean": 0.07146906006350763
    }, 
    "traffic": {
        "std": 0.6353488966824461, 
        "mean": 0.8547513481163559
    }, 
    "error_count": 0, 
    "success_count": 4093
}