{
    "crashes": {
        "std": 2.5691120736601913, 
        "mean": 0.831525344520383
    }, 
    "total_count": 4584, 
    "crimes": {
        "std": 0.7193393175951162, 
        "mean": 0.10352642283595967
    }, 
    "traffic": {
        "std": 0.74504461633156, 
        "mean": 0.9544770095654896
    }, 
    "error_count": 0, 
    "success_count": 4584
}