{
    "crashes": {
        "std": 2.942053745112756, 
        "mean": 0.9241754360320235
    }, 
    "total_count": 4543, 
    "crimes": {
        "std": 0.6876296735587591, 
        "mean": 0.099241531929315
    }, 
    "traffic": {
        "std": 0.7719702442747362, 
        "mean": 0.9602006778267256
    }, 
    "error_count": 0, 
    "success_count": 4543
}