{
    "crashes": {
        "std": 2.5850392901224333, 
        "mean": 0.8127939627878796
    }, 
    "total_count": 4420, 
    "crimes": {
        "std": 0.6177483394605041, 
        "mean": 0.07916829901898566
    }, 
    "traffic": {
        "std": 0.6844407698827902, 
        "mean": 0.8832719107493341
    }, 
    "error_count": 0, 
    "success_count": 4420
}