{
    "crashes": {
        "std": 2.8571938607133562, 
        "mean": 0.9445697982590556
    }, 
    "total_count": 4514, 
    "crimes": {
        "std": 0.6305911207848922, 
        "mean": 0.08469751758808416
    }, 
    "traffic": {
        "std": 0.7265117433961727, 
        "mean": 0.9094930241249353
    }, 
    "error_count": 0, 
    "success_count": 4514
}