{
    "crashes": {
        "std": 2.68166668040148, 
        "mean": 0.8136353300835684
    }, 
    "total_count": 4836, 
    "crimes": {
        "std": 0.6052490147720423, 
        "mean": 0.08294298706227929
    }, 
    "traffic": {
        "std": 0.7679201042247261, 
        "mean": 1.017447816992934
    }, 
    "error_count": 0, 
    "success_count": 4836
}