{
    "crashes": {
        "std": 2.8616886771682974, 
        "mean": 0.944945348714661
    }, 
    "total_count": 4509, 
    "crimes": {
        "std": 0.6459661972890185, 
        "mean": 0.09228683139073365
    }, 
    "traffic": {
        "std": 0.7420945410628812, 
        "mean": 0.9044253368766323
    }, 
    "error_count": 0, 
    "success_count": 4509
}