{
    "crashes": {
        "std": 2.6178002234019377, 
        "mean": 0.8159599074704802
    }, 
    "total_count": 4451, 
    "crimes": {
        "std": 0.5495420745828078, 
        "mean": 0.06837843894744813
    }, 
    "traffic": {
        "std": 0.739215155105783, 
        "mean": 0.9370435861746371
    }, 
    "error_count": 0, 
    "success_count": 4451
}