{
    "crashes": {
        "std": 3.081898667456249, 
        "mean": 1.0003363775851435
    }, 
    "total_count": 4621, 
    "crimes": {
        "std": 0.5653737465105227, 
        "mean": 0.0758769772851683
    }, 
    "traffic": {
        "std": 0.783707979099591, 
        "mean": 0.979382022396644
    }, 
    "error_count": 0, 
    "success_count": 4621
}