{
    "crashes": {
        "std": 2.7809805210764167, 
        "mean": 0.8962053668500505
    }, 
    "total_count": 4658, 
    "crimes": {
        "std": 0.7212546413108781, 
        "mean": 0.09775852252869684
    }, 
    "traffic": {
        "std": 0.726128187548802, 
        "mean": 0.9572771564088588
    }, 
    "error_count": 0, 
    "success_count": 4658
}