{
    "crashes": {
        "std": 2.713177756809625, 
        "mean": 0.8833900959757585
    }, 
    "total_count": 4356, 
    "crimes": {
        "std": 0.58351339114808, 
        "mean": 0.08202980698246913
    }, 
    "traffic": {
        "std": 0.7198699774448055, 
        "mean": 0.899483296467059
    }, 
    "error_count": 0, 
    "success_count": 4356
}