{
    "crashes": {
        "std": 2.7526928803417077, 
        "mean": 0.9124353408137427
    }, 
    "total_count": 4847, 
    "crimes": {
        "std": 0.6561062607273508, 
        "mean": 0.0829275479951661
    }, 
    "traffic": {
        "std": 0.8116708599275326, 
        "mean": 0.9912172620622712
    }, 
    "error_count": 0, 
    "success_count": 4847
}