{
    "crashes": {
        "std": 2.760624144533414, 
        "mean": 0.9355657997576566
    }, 
    "total_count": 4736, 
    "crimes": {
        "std": 0.5612701588908214, 
        "mean": 0.0646480324556077
    }, 
    "traffic": {
        "std": 0.7825681562342108, 
        "mean": 0.9719024470069895
    }, 
    "error_count": 0, 
    "success_count": 4736
}