{
    "crashes": {
        "std": 2.8347489703847124, 
        "mean": 0.9387733102037882
    }, 
    "total_count": 4816, 
    "crimes": {
        "std": 0.6316360356513098, 
        "mean": 0.08562630226006512
    }, 
    "traffic": {
        "std": 0.8436532234804033, 
        "mean": 0.9939473027863764
    }, 
    "error_count": 0, 
    "success_count": 4816
}