{
    "crashes": {
        "std": 2.8149641334476674, 
        "mean": 0.9821665005892948
    }, 
    "total_count": 5270, 
    "crimes": {
        "std": 0.669273694856888, 
        "mean": 0.08887741361145793
    }, 
    "traffic": {
        "std": 1.0050076870091107, 
        "mean": 1.1274443181594989
    }, 
    "error_count": 0, 
    "success_count": 5270
}