{
    "crashes": {
        "std": 2.915799298557958, 
        "mean": 0.9609403220790671
    }, 
    "total_count": 4666, 
    "crimes": {
        "std": 0.5786761480651073, 
        "mean": 0.07491791124497331
    }, 
    "traffic": {
        "std": 0.802164307279498, 
        "mean": 0.954143161129642
    }, 
    "error_count": 0, 
    "success_count": 4666
}