{
    "crashes": {
        "std": 3.0020280132079478, 
        "mean": 1.0053219690826973
    }, 
    "total_count": 4931, 
    "crimes": {
        "std": 0.6277812937497597, 
        "mean": 0.08302366238839544
    }, 
    "traffic": {
        "std": 0.7321480579815941, 
        "mean": 0.9935404464715495
    }, 
    "error_count": 0, 
    "success_count": 4931
}