{
    "crashes": {
        "std": 2.721404046077872, 
        "mean": 0.8825657518871443
    }, 
    "total_count": 4376, 
    "crimes": {
        "std": 0.7145593845279401, 
        "mean": 0.09227274306413036
    }, 
    "traffic": {
        "std": 0.7402525725181116, 
        "mean": 0.924202632558701
    }, 
    "error_count": 0, 
    "success_count": 4376
}