{
    "crashes": {
        "std": 2.625382146064656, 
        "mean": 0.8431193055132099
    }, 
    "total_count": 4346, 
    "crimes": {
        "std": 0.5884602913900874, 
        "mean": 0.08184659308376287
    }, 
    "traffic": {
        "std": 0.6820929657524697, 
        "mean": 0.8937484670183601
    }, 
    "error_count": 0, 
    "success_count": 4346
}