{
    "crashes": {
        "std": 2.548228210430337, 
        "mean": 0.7530922719536407
    }, 
    "total_count": 4165, 
    "crimes": {
        "std": 0.7062108814878549, 
        "mean": 0.10735072171038106
    }, 
    "traffic": {
        "std": 0.6954252668831327, 
        "mean": 0.8873455204444466
    }, 
    "error_count": 0, 
    "success_count": 4165
}