{
    "crashes": {
        "std": 0.1296321433330117, 
        "mean": 0.03155489537076272
    }, 
    "total_count": 5784, 
    "crimes": {
        "std": 0.1557945506643419, 
        "mean": 0.013805538063917766
    }, 
    "traffic": {
        "std": 0.2070604616910913, 
        "mean": 0.050216353773996705
    }, 
    "error_count": 3914, 
    "success_count": 1870
}